Workbook

Sheet Resumen
A1: Handover W35 vs W34 - Kylie MU
A2: Consensus - Final en unidades. Horizonte de foco: 2026.M09 a 2027.M04 (8 meses). W35 = CurrentWorkingView | W34 = Month-2026.M08.W34(Recovered) | LY = Consensus - Final LY M.
B4: HEADLINE
B5: Consensus - Final (u) | C5: LY | D5: W34 (ciclo pasado) | E5: W35 (este ciclo) | F5: Δ vs LC (u) | G5: Δ vs LC (%) | H5: Δ vs LY (u) | I5: Δ vs LY (%)
B6: Horizonte 2026.M09 - 2027.M04 | C6: =SUMIFS(Datos!$T$2:$T$94,Datos!$F$2:$F$94,1) -> 56438 | D6: =SUMIFS(Datos!$O$2:$O$94,Datos!$F$2:$F$94,1) -> 40721 | E6: =SUMIFS(Datos!$H$2:$H$94,Datos!$F$2:$F$94,1) -> 38682 | F6: =E6-D6 -> -2039 | G6: =IFERROR(E6/D6-1,"") -> -0.050072444 | H6: =E6-C6 -> -17756 | I6: =IFERROR(E6/C6-1,"") -> -0.31461072
B7: del cual: FY27 Q1 (Sep-26) | C7: =SUMIFS(Datos!$T$2:$T$94,Datos!$E$2:$E$94,"FY27 Q1",Datos!$F$2:$F$94,1) -> 5552 | D7: =SUMIFS(Datos!$O$2:$O$94,Datos!$E$2:$E$94,"FY27 Q1",Datos!$F$2:$F$94,1) -> 6409 | E7: =SUMIFS(Datos!$H$2:$H$94,Datos!$E$2:$E$94,"FY27 Q1",Datos!$F$2:$F$94,1) -> 7992 | F7: =E7-D7 -> 1583 | G7: =IFERROR(E7/D7-1,"") -> 0.24699641 | H7: =E7-C7 -> 2440 | I7: =IFERROR(E7/C7-1,"") -> 0.43948127
B8: del cual: FY27 Q2 (Oct-Dic 26) | C8: =SUMIFS(Datos!$T$2:$T$94,Datos!$E$2:$E$94,"FY27 Q2",Datos!$F$2:$F$94,1) -> 12831 | D8: =SUMIFS(Datos!$O$2:$O$94,Datos!$E$2:$E$94,"FY27 Q2",Datos!$F$2:$F$94,1) -> 14291 | E8: =SUMIFS(Datos!$H$2:$H$94,Datos!$E$2:$E$94,"FY27 Q2",Datos!$F$2:$F$94,1) -> 13982 | F8: =E8-D8 -> -309 | G8: =IFERROR(E8/D8-1,"") -> -0.021622 | H8: =E8-C8 -> 1151 | I8: =IFERROR(E8/C8-1,"") -> 0.089704622
B9: del cual: FY27 Q3 (Ene-Mar 27) | C9: =SUMIFS(Datos!$T$2:$T$94,Datos!$E$2:$E$94,"FY27 Q3",Datos!$F$2:$F$94,1) -> 34757 | D9: =SUMIFS(Datos!$O$2:$O$94,Datos!$E$2:$E$94,"FY27 Q3",Datos!$F$2:$F$94,1) -> 16184 | E9: =SUMIFS(Datos!$H$2:$H$94,Datos!$E$2:$E$94,"FY27 Q3",Datos!$F$2:$F$94,1) -> 14101 | F9: =E9-D9 -> -2083 | G9: =IFERROR(E9/D9-1,"") -> -0.12870737 | H9: =E9-C9 -> -20656 | I9: =IFERROR(E9/C9-1,"") -> -0.59429755
B10: del cual: FY27 Q4 (Abr-27) | C10: =SUMIFS(Datos!$T$2:$T$94,Datos!$E$2:$E$94,"FY27 Q4",Datos!$F$2:$F$94,1) -> 3298 | D10: =SUMIFS(Datos!$O$2:$O$94,Datos!$E$2:$E$94,"FY27 Q4",Datos!$F$2:$F$94,1) -> 3837 | E10: =SUMIFS(Datos!$H$2:$H$94,Datos!$E$2:$E$94,"FY27 Q4",Datos!$F$2:$F$94,1) -> 2607 | F10: =E10-D10 -> -1230 | G10: =IFERROR(E10/D10-1,"") -> -0.32056294 | H10: =E10-C10 -> -691 | I10: =IFERROR(E10/C10-1,"") -> -0.20952092
B12: Horizonte EXCLUYENDO 2027.M02 (mes distorsionado por el one-off de Feb-26) | C12: =SUMIFS(Datos!$T$2:$T$94,Datos!$D$2:$D$94,"<>2027.M02",Datos!$F$2:$F$94,1) -> 32849 | D12: =SUMIFS(Datos!$O$2:$O$94,Datos!$D$2:$D$94,"<>2027.M02",Datos!$F$2:$F$94,1) -> 35291 | E12: =SUMIFS(Datos!$H$2:$H$94,Datos!$D$2:$D$94,"<>2027.M02",Datos!$F$2:$F$94,1) -> 33568 | F12: =E12-D12 -> -1723 | G12: =IFERROR(E12/D12-1,"") -> -0.048822646 | H12: =E12-C12 -> 719 | I12: =IFERROR(E12/C12-1,"") -> 0.021888033
B15: BRIDGE W34 → W35 (horizonte M09-M04, unidades)
B16: Concepto | C16: Unidades | D16: Comentario
B17: W34 - Consensus ciclo pasado | D17: =SUMIFS(Datos!$O$2:$O$94,Datos!$F$2:$F$94,1) -> 40721 | E17: Punto de partida
B18: Δ System FC (lineas que usan el sistema) | D18: =SUMIFS(Datos!$I$2:$I$94,Datos!$G$2:$G$94,"Sistema",Datos!$F$2:$F$94,1)-SUMIFS(Datos!$P$2:$P$94,Datos!$G$2:$G$94,"Sistema",Datos!$F$2:$F$94,1) -> -2129 | E18: El motor estadistico bajo su propio numero
B19: Δ Reasonability Adjustment | D19: =SUMIFS(Datos!$J$2:$J$94,Datos!$G$2:$G$94,"Sistema",Datos!$F$2:$F$94,1)-SUMIFS(Datos!$Q$2:$Q$94,Datos!$G$2:$G$94,"Sistema",Datos!$F$2:$F$94,1) -> -2000 | E19: Se retiraron los ajustes manuales de Dic-26 (+2.000) y Ene-27 (+1.000) y el -1.000 de Abr-27
B20: Δ Total Demand Assumption | D20: =SUMIFS(Datos!$K$2:$K$94,Datos!$G$2:$G$94,"Sistema",Datos!$F$2:$F$94,1)-SUMIFS(Datos!$R$2:$R$94,Datos!$G$2:$G$94,"Sistema",Datos!$F$2:$F$94,1) -> 1211 | E20: Se limpio el -173/mes que arrastraba TINT BRUSH PINCEAU 03
B21: Δ Otras capas no incluidas en la extraccion (residual) | D21: =(SUMIFS(Datos!$H$2:$H$94,Datos!$G$2:$G$94,"Sistema",Datos!$F$2:$F$94,1)-SUMIFS(Datos!$I$2:$I$94,Datos!$G$2:$G$94,"Sistema",Datos!$F$2:$F$94,1)-SUMIFS(Datos!$J$2:$J$94,Datos!$G$2:$G$94,"Sistema",Datos!$F$2:$F$94,1)-SUMIFS(Datos!$K$2:$K$94,Datos!$G$2:$G$94,"Sistema",Datos!$F$2:$F$94,1))-(SUMIFS(Datos!$O$2:$O$94,Datos!$G$2:$G$94,"Sistema",Datos!$F$2:$F$94,1)-SUMIFS(Datos!$P$2:$P$94,Datos!$G$2:$G$94,"Sistema",Datos!$F$2:$F$94,1)-SUMIFS(Datos!$Q$2:$Q$94,Datos!$G$2:$G$94,"Sistema",Datos!$F$2:$F$94,1)-SUMIFS(Datos!$R$2:$R$94,Datos!$G$2:$G$94,"Sistema",Datos!$F$2:$F$94,1)) -> 884 | E21: Consensus menos la suma de capas extraidas. Initiative / Prometheus no vienen en este extract
B22: Δ Lineas en modo manual (Ignore System FC = 2) | D22: =SUMIFS(Datos!$H$2:$H$94,Datos!$G$2:$G$94,"Manual",Datos!$F$2:$F$94,1)-SUMIFS(Datos!$O$2:$O$94,Datos!$G$2:$G$94,"Manual",Datos!$F$2:$F$94,1) -> -5 | E22: Face Multi: el consensus no se movio, aunque el System FC si (ver hoja Alertas)
B23: W35 - Consensus este ciclo | D23: =SUMIFS(Datos!$H$2:$H$94,Datos!$F$2:$F$94,1) -> 38682 | E23: Punto de llegada
B24: Control (debe dar 0) | D24: =D23-(D17+D18+D19+D20+D21+D22) -> 0
B27: EL NETO ESCONDE EL MOVIMIENTO REAL
B28: Medida | C28: Unidades | D28: Lectura
B29: Cambio NETO del horizonte | D29: =E6-D6 -> -2039 | E29: Lo que ve supply en el total
B30: Movimiento BRUTO (suma de |Δ| por mes) | D30: =SUMPRODUCT(ABS('Por Mes'!F6:F13)) -> 7429 | E30: Volumen que efectivamente se re-faseo entre meses
B31: Movimiento BRUTO (suma de |Δ| por EAN x mes) | D31: =SUMPRODUCT(ABS('EAN x Mes'!C6:J13)) -> 9163 | E31: Volumen re-faseado a nivel codigo x mes
B32: Ratio bruto / neto (por mes) | D32: =IFERROR(D30/ABS(D29),"") -> 3.6434527 | E32: Por cada unidad de cambio neto se movieron ~3,6 unidades de fase
B35: MENSAJES PARA LA PRESENTACION
B36: Bloque | C36: Mensaje
B37: Vs LC | D37: El scope de brochas y accesorios de Kylie cierra el ciclo en -2,0K u / -5% sobre M09-M04. El numero total casi no se movio: lo que cambio fue la fase.
B38: Vs LC | D38: El 100% del descenso neto viene de UN codigo: TINT BRUSH PINCEAU 03 (-2,5K u / -10%). El resto del scope suma +0,5K u.
B39: Vs LC | D39: Se adelanto volumen a Sep-26 (+1,6K / +25%) y se saco de Oct-26 (-1,3K / -24%), Mar-27 (-1,9K / -28%) y Abr-27 (-1,2K / -32%). Q1 sube, Q3 y Q4 bajan.
B40: Vs LC | D40: El movimiento es de sistema, no de criterio: el System FC bajo -2,1K u y ademas se retiraron todos los ajustes manuales (RA -2,0K, TDA +1,2K al limpiar el -173/mes).
B41: Vs LY | D41: El -31,5% vs LY es un artefacto: Feb-26 cargo 23,6K u de pipe-fill de dos brochas nuevas (KJCLIP 9,6K + UNVL BLSH 7,3K). Neutralizando Feb, el scope esta en +2,2% vs LY.
B42: Vs LY | D42: Face Multi -50% vs LY es el mismo efecto base. Accesories -22% vs LY es real y se explica por TINT BRUSH PINCEAU 03 (-6,1K u vs LY).
B43: Riesgo | D43: UNVL BLSH PINCEAU04: el System FC subio a 11,1K u y el consensus se quedo en 6,5K por Total Demand Assumption. Gap de +4,6K u sin revisar.
B44: Riesgo | D44: PRS SCLP CMPLN 05: el System FC se fue a 0 y el consensus termina en Mar-27. Confirmar si es descontinuacion o hueco de mantenimiento.

Sheet Por Mes
A1: Consensus - Final por mes
A2: Horizonte de foco sombreado. Unidades.
A4: Mes | B4: Trim. FY | C4: LY | D4: W34 | E4: W35 | F4: Δ vs LC (u) | G4: Δ vs LC (%) | H4: Δ vs LY (u) | I4: Δ vs LY (%) | J4: W35 System FC | K4: W34 System FC | L4: Δ System FC
A5: Cerrado / en curso
A6: 2026.M09 | B6: FY27 Q1 | C6: =SUMIFS(Datos!$T$2:$T$94,Datos!$D$2:$D$94,"2026.M09") -> 5552 | D6: =SUMIFS(Datos!$O$2:$O$94,Datos!$D$2:$D$94,"2026.M09") -> 6409 | E6: =SUMIFS(Datos!$H$2:$H$94,Datos!$D$2:$D$94,"2026.M09") -> 7992 | F6: =E6-D6 -> 1583 | G6: =IFERROR(E6/D6-1,"") -> 0.24699641 | H6: =E6-C6 -> 2440 | I6: =IFERROR(E6/C6-1,"") -> 0.43948127 | J6: =SUMIFS(Datos!$I$2:$I$94,Datos!$D$2:$D$94,"2026.M09") -> 6922 | K6: =SUMIFS(Datos!$P$2:$P$94,Datos!$D$2:$D$94,"2026.M09") -> 5461 | L6: =J6-K6 -> 1461
A7: 2026.M10 | B7: FY27 Q2 | C7: =SUMIFS(Datos!$T$2:$T$94,Datos!$D$2:$D$94,"2026.M10") -> 5835 | D7: =SUMIFS(Datos!$O$2:$O$94,Datos!$D$2:$D$94,"2026.M10") -> 5404 | E7: =SUMIFS(Datos!$H$2:$H$94,Datos!$D$2:$D$94,"2026.M10") -> 4103 | F7: =E7-D7 -> -1301 | G7: =IFERROR(E7/D7-1,"") -> -0.24074759 | H7: =E7-C7 -> -1732 | I7: =IFERROR(E7/C7-1,"") -> -0.29682948 | J7: =SUMIFS(Datos!$I$2:$I$94,Datos!$D$2:$D$94,"2026.M10") -> 3693 | K7: =SUMIFS(Datos!$P$2:$P$94,Datos!$D$2:$D$94,"2026.M10") -> 5666 | L7: =J7-K7 -> -1973
A8: 2026.M11 | B8: FY27 Q2 | C8: =SUMIFS(Datos!$T$2:$T$94,Datos!$D$2:$D$94,"2026.M11") -> 3197 | D8: =SUMIFS(Datos!$O$2:$O$94,Datos!$D$2:$D$94,"2026.M11") -> 4300 | E8: =SUMIFS(Datos!$H$2:$H$94,Datos!$D$2:$D$94,"2026.M11") -> 4692 | F8: =E8-D8 -> 392 | G8: =IFERROR(E8/D8-1,"") -> 0.091162791 | H8: =E8-C8 -> 1495 | I8: =IFERROR(E8/C8-1,"") -> 0.4676259 | J8: =SUMIFS(Datos!$I$2:$I$94,Datos!$D$2:$D$94,"2026.M11") -> 4602 | K8: =SUMIFS(Datos!$P$2:$P$94,Datos!$D$2:$D$94,"2026.M11") -> 4705 | L8: =J8-K8 -> -103
A9: 2026.M12 | B9: FY27 Q2 | C9: =SUMIFS(Datos!$T$2:$T$94,Datos!$D$2:$D$94,"2026.M12") -> 3799 | D9: =SUMIFS(Datos!$O$2:$O$94,Datos!$D$2:$D$94,"2026.M12") -> 4587 | E9: =SUMIFS(Datos!$H$2:$H$94,Datos!$D$2:$D$94,"2026.M12") -> 5187 | F9: =E9-D9 -> 600 | G9: =IFERROR(E9/D9-1,"") -> 0.13080445 | H9: =E9-C9 -> 1388 | I9: =IFERROR(E9/C9-1,"") -> 0.36535931 | J9: =SUMIFS(Datos!$I$2:$I$94,Datos!$D$2:$D$94,"2026.M12") -> 5455 | K9: =SUMIFS(Datos!$P$2:$P$94,Datos!$D$2:$D$94,"2026.M12") -> 3102 | L9: =J9-K9 -> 2353
A10: 2027.M01 | B10: FY27 Q3 | C10: =SUMIFS(Datos!$T$2:$T$94,Datos!$D$2:$D$94,"2027.M01") -> 4289 | D10: =SUMIFS(Datos!$O$2:$O$94,Datos!$D$2:$D$94,"2027.M01") -> 4023 | E10: =SUMIFS(Datos!$H$2:$H$94,Datos!$D$2:$D$94,"2027.M01") -> 4143 | F10: =E10-D10 -> 120 | G10: =IFERROR(E10/D10-1,"") -> 0.029828486 | H10: =E10-C10 -> -146 | I10: =IFERROR(E10/C10-1,"") -> -0.034040569 | J10: =SUMIFS(Datos!$I$2:$I$94,Datos!$D$2:$D$94,"2027.M01") -> 5426 | K10: =SUMIFS(Datos!$P$2:$P$94,Datos!$D$2:$D$94,"2027.M01") -> 3819 | L10: =J10-K10 -> 1607
A11: 2027.M02 | B11: FY27 Q3 | C11: =SUMIFS(Datos!$T$2:$T$94,Datos!$D$2:$D$94,"2027.M02") -> 23589 | D11: =SUMIFS(Datos!$O$2:$O$94,Datos!$D$2:$D$94,"2027.M02") -> 5430 | E11: =SUMIFS(Datos!$H$2:$H$94,Datos!$D$2:$D$94,"2027.M02") -> 5114 | F11: =E11-D11 -> -316 | G11: =IFERROR(E11/D11-1,"") -> -0.058195212 | H11: =E11-C11 -> -18475 | I11: =IFERROR(E11/C11-1,"") -> -0.78320404 | J11: =SUMIFS(Datos!$I$2:$I$94,Datos!$D$2:$D$94,"2027.M02") -> 5628 | K11: =SUMIFS(Datos!$P$2:$P$94,Datos!$D$2:$D$94,"2027.M02") -> 6157 | L11: =J11-K11 -> -529
A12: 2027.M03 | B12: FY27 Q3 | C12: =SUMIFS(Datos!$T$2:$T$94,Datos!$D$2:$D$94,"2027.M03") -> 6879 | D12: =SUMIFS(Datos!$O$2:$O$94,Datos!$D$2:$D$94,"2027.M03") -> 6731 | E12: =SUMIFS(Datos!$H$2:$H$94,Datos!$D$2:$D$94,"2027.M03") -> 4844 | F12: =E12-D12 -> -1887 | G12: =IFERROR(E12/D12-1,"") -> -0.28034467 | H12: =E12-C12 -> -2035 | I12: =IFERROR(E12/C12-1,"") -> -0.29582788 | J12: =SUMIFS(Datos!$I$2:$I$94,Datos!$D$2:$D$94,"2027.M03") -> 5261 | K12: =SUMIFS(Datos!$P$2:$P$94,Datos!$D$2:$D$94,"2027.M03") -> 7689 | L12: =J12-K12 -> -2428
A13: 2027.M04 | B13: FY27 Q4 | C13: =SUMIFS(Datos!$T$2:$T$94,Datos!$D$2:$D$94,"2027.M04") -> 3298 | D13: =SUMIFS(Datos!$O$2:$O$94,Datos!$D$2:$D$94,"2027.M04") -> 3837 | E13: =SUMIFS(Datos!$H$2:$H$94,Datos!$D$2:$D$94,"2027.M04") -> 2607 | F13: =E13-D13 -> -1230 | G13: =IFERROR(E13/D13-1,"") -> -0.32056294 | H13: =E13-C13 -> -691 | I13: =IFERROR(E13/C13-1,"") -> -0.20952092 | J13: =SUMIFS(Datos!$I$2:$I$94,Datos!$D$2:$D$94,"2027.M04") -> 2711 | K13: =SUMIFS(Datos!$P$2:$P$94,Datos!$D$2:$D$94,"2027.M04") -> 5810 | L13: =J13-K13 -> -3099
A14: TOTAL M09-M04 | C14: =SUM(C6:C13) -> 56438 | D14: =SUM(D6:D13) -> 40721 | E14: =SUM(E6:E13) -> 38682 | F14: =E14-D14 -> -2039 | G14: =IFERROR(E14/D14-1,"") -> -0.050072444 | H14: =E14-C14 -> -17756 | I14: =IFERROR(E14/C14-1,"") -> -0.31461072 | J14: =SUM(J6:J13) -> 39698 | K14: =SUM(K6:K13) -> 42409 | L14: =SUM(L6:L13) -> -2711
A16: Fuera del horizonte de foco (contexto)
A17: Mes | B17: Trim. FY | C17: LY | D17: W34 | E17: W35 | F17: Δ vs LC (u) | G17: Δ vs LC (%) | H17: Δ vs LY (u) | I17: Δ vs LY (%) | J17: W35 System FC | K17: W34 System FC | L17: Δ System FC
A18: 2026.M07 | B18: FY26 Q4 | C18: =SUMIFS(Datos!$T$2:$T$94,Datos!$D$2:$D$94,"2026.M07") -> 5747 | D18: =SUMIFS(Datos!$O$2:$O$94,Datos!$D$2:$D$94,"2026.M07") -> 8747 | E18: =SUMIFS(Datos!$H$2:$H$94,Datos!$D$2:$D$94,"2026.M07") -> 8747 | F18: =E18-D18 -> 0 | G18: =IFERROR(E18/D18-1,"") -> 0 | H18: =E18-C18 -> 3000 | I18: =IFERROR(E18/C18-1,"") -> 0.52201148 | J18: =SUMIFS(Datos!$I$2:$I$94,Datos!$D$2:$D$94,"2026.M07") -> 8747 | K18: =SUMIFS(Datos!$P$2:$P$94,Datos!$D$2:$D$94,"2026.M07") -> 8747 | L18: =J18-K18 -> 0
A19: 2026.M08 | B19: FY27 Q1 | C19: =SUMIFS(Datos!$T$2:$T$94,Datos!$D$2:$D$94,"2026.M08") -> 2528 | D19: =SUMIFS(Datos!$O$2:$O$94,Datos!$D$2:$D$94,"2026.M08") -> 9871.3333 | E19: =SUMIFS(Datos!$H$2:$H$94,Datos!$D$2:$D$94,"2026.M08") -> 7293 | F19: =E19-D19 -> -2578.3333 | G19: =IFERROR(E19/D19-1,"") -> -0.26119403 | H19: =E19-C19 -> 4765 | I19: =IFERROR(E19/C19-1,"") -> 1.8848892 | J19: =SUMIFS(Datos!$I$2:$I$94,Datos!$D$2:$D$94,"2026.M08") -> 7293 | K19: =SUMIFS(Datos!$P$2:$P$94,Datos!$D$2:$D$94,"2026.M08") -> 8321 | L19: =J19-K19 -> -1028
A20: 2027.M05 | B20: FY27 Q4 | C20: =SUMIFS(Datos!$T$2:$T$94,Datos!$D$2:$D$94,"2027.M05") -> 5335 | D20: =SUMIFS(Datos!$O$2:$O$94,Datos!$D$2:$D$94,"2027.M05") -> 5309 | E20: =SUMIFS(Datos!$H$2:$H$94,Datos!$D$2:$D$94,"2027.M05") -> 4362 | F20: =E20-D20 -> -947 | G20: =IFERROR(E20/D20-1,"") -> -0.17837634 | H20: =E20-C20 -> -973 | I20: =IFERROR(E20/C20-1,"") -> -0.18238051 | J20: =SUMIFS(Datos!$I$2:$I$94,Datos!$D$2:$D$94,"2027.M05") -> 4757 | K20: =SUMIFS(Datos!$P$2:$P$94,Datos!$D$2:$D$94,"2027.M05") -> 6007 | L20: =J20-K20 -> -1250
A21: 2027.M06 | B21: FY27 Q4 | C21: =SUMIFS(Datos!$T$2:$T$94,Datos!$D$2:$D$94,"2027.M06") -> 4019 | D21: =SUMIFS(Datos!$O$2:$O$94,Datos!$D$2:$D$94,"2027.M06") -> 5673 | E21: =SUMIFS(Datos!$H$2:$H$94,Datos!$D$2:$D$94,"2027.M06") -> 5435 | F21: =E21-D21 -> -238 | G21: =IFERROR(E21/D21-1,"") -> -0.041953111 | H21: =E21-C21 -> 1416 | I21: =IFERROR(E21/C21-1,"") -> 0.35232645 | J21: =SUMIFS(Datos!$I$2:$I$94,Datos!$D$2:$D$94,"2027.M06") -> 6389 | K21: =SUMIFS(Datos!$P$2:$P$94,Datos!$D$2:$D$94,"2027.M06") -> 6072 | L21: =J21-K21 -> 317
A23: 2026.M07 esta cerrado (System FC = Consensus = Actuals) y 2026.M08 sigue facturando: por eso quedan fuera del foco.

Sheet Product Lines
A1: Top Product Lines - W35 vs W34 vs LY
A2: Horizonte 2026.M09 - 2027.M04. Unidades.
A4: Product Line | B4: # EAN | C4: LY | D4: W34 | E4: W35 | F4: % del libro W35 | G4: Δ vs LC (u) | H4: Δ vs LC (%) | I4: Δ vs LY (u) | J4: Δ vs LY (%) | K4: Δ vs LY ex-Feb27 (u) | L4: Contribucion al Δ LC
A5: Accesories (00006010) | B5: 4 | C5: =SUMIFS(Datos!$T$2:$T$94,Datos!$A$2:$A$94,"Accesories (00006010)",Datos!$F$2:$F$94,1) -> 37826 | D5: =SUMIFS(Datos!$O$2:$O$94,Datos!$A$2:$A$94,"Accesories (00006010)",Datos!$F$2:$F$94,1) -> 31528 | E5: =SUMIFS(Datos!$H$2:$H$94,Datos!$A$2:$A$94,"Accesories (00006010)",Datos!$F$2:$F$94,1) -> 29494 | F5: =IFERROR(E5/E$99,"") -> 0.7624735 | G5: =E5-D5 -> -2034 | H5: =IFERROR(E5/D5-1,"") -> -0.064514083 | I5: =E5-C5 -> -8332 | J5: =IFERROR(E5/C5-1,"") -> -0.22027177 | K5: =SUMIFS(Datos!$H$2:$H$94,Datos!$A$2:$A$94,"Accesories (00006010)",Datos!$D$2:$D$94,"<>2027.M02",Datos!$F$2:$F$94,1)-SUMIFS(Datos!$T$2:$T$94,Datos!$A$2:$A$94,"Accesories (00006010)",Datos!$D$2:$D$94,"<>2027.M02",Datos!$F$2:$F$94,1) -> -5856 | L5: =IFERROR(G5/$G$99,"") -> 0.99754782
A6: Face Multi (00006011) | B6: 3 | C6: =SUMIFS(Datos!$T$2:$T$94,Datos!$A$2:$A$94,"Face Multi (00006011)",Datos!$F$2:$F$94,1) -> 18473 | D6: =SUMIFS(Datos!$O$2:$O$94,Datos!$A$2:$A$94,"Face Multi (00006011)",Datos!$F$2:$F$94,1) -> 9193 | E6: =SUMIFS(Datos!$H$2:$H$94,Datos!$A$2:$A$94,"Face Multi (00006011)",Datos!$F$2:$F$94,1) -> 9188 | F6: =IFERROR(E6/E$99,"") -> 0.2375265 | G6: =E6-D6 -> -5 | H6: =IFERROR(E6/D6-1,"") -> -0.00054389209 | I6: =E6-C6 -> -9285 | J6: =IFERROR(E6/C6-1,"") -> -0.50262545 | K6: =SUMIFS(Datos!$H$2:$H$94,Datos!$A$2:$A$94,"Face Multi (00006011)",Datos!$D$2:$D$94,"<>2027.M02",Datos!$F$2:$F$94,1)-SUMIFS(Datos!$T$2:$T$94,Datos!$A$2:$A$94,"Face Multi (00006011)",Datos!$D$2:$D$94,"<>2027.M02",Datos!$F$2:$F$94,1) -> 6693 | L6: =IFERROR(G6/$G$99,"") -> 0.0024521824
A7: Kylie Eye Brushes (00006121) | B7: 1 | C7: =SUMIFS(Datos!$T$2:$T$94,Datos!$A$2:$A$94,"Kylie Eye Brushes (00006121)",Datos!$F$2:$F$94,1) -> 139 | D7: =SUMIFS(Datos!$O$2:$O$94,Datos!$A$2:$A$94,"Kylie Eye Brushes (00006121)",Datos!$F$2:$F$94,1) -> 0 | E7: =SUMIFS(Datos!$H$2:$H$94,Datos!$A$2:$A$94,"Kylie Eye Brushes (00006121)",Datos!$F$2:$F$94,1) -> 0 | F7: =IFERROR(E7/E$99,"") -> 0 | G7: =E7-D7 -> 0 | H7: =IFERROR(E7/D7-1,"") | I7: =E7-C7 -> -139 | J7: =IFERROR(E7/C7-1,"") -> -1 | K7: =SUMIFS(Datos!$H$2:$H$94,Datos!$A$2:$A$94,"Kylie Eye Brushes (00006121)",Datos!$D$2:$D$94,"<>2027.M02",Datos!$F$2:$F$94,1)-SUMIFS(Datos!$T$2:$T$94,Datos!$A$2:$A$94,"Kylie Eye Brushes (00006121)",Datos!$D$2:$D$94,"<>2027.M02",Datos!$F$2:$F$94,1) -> -118 | L7: =IFERROR(G7/$G$99,"") -> 0
A8: TOTAL | B8: =SUM(B5:B7) -> 8 | C8: =SUM(C5:C7) -> 56438 | D8: =SUM(D5:D7) -> 40721 | E8: =SUM(E5:E7) -> 38682 | F8: =IFERROR(E8/E$99,"") -> 1 | G8: =SUM(G5:G7) -> -2039 | H8: =IFERROR(E8/D8-1,"") -> -0.050072444 | I8: =SUM(I5:I7) -> -17756 | J8: =IFERROR(E8/C8-1,"") -> -0.31461072 | K8: =SUM(K5:K7) -> 719 | L8: =IFERROR(G8/$G$99,"") -> 1
A10: Detalle mensual por Product Line - Δ vs LC (u)
A11: Product Line | B11: 2026.M09 | C11: 2026.M10 | D11: 2026.M11 | E11: 2026.M12 | F11: 2027.M01 | G11: 2027.M02 | H11: 2027.M03 | I11: 2027.M04 | J11: Total
A12: Accesories (00006010) | B12: =SUMIFS(Datos!$H$2:$H$94,Datos!$A$2:$A$94,"Accesories (00006010)",Datos!$D$2:$D$94,"2026.M09")-SUMIFS(Datos!$O$2:$O$94,Datos!$A$2:$A$94,"Accesories (00006010)",Datos!$D$2:$D$94,"2026.M09") -> 1588 | C12: =SUMIFS(Datos!$H$2:$H$94,Datos!$A$2:$A$94,"Accesories (00006010)",Datos!$D$2:$D$94,"2026.M10")-SUMIFS(Datos!$O$2:$O$94,Datos!$A$2:$A$94,"Accesories (00006010)",Datos!$D$2:$D$94,"2026.M10") -> -1301 | D12: =SUMIFS(Datos!$H$2:$H$94,Datos!$A$2:$A$94,"Accesories (00006010)",Datos!$D$2:$D$94,"2026.M11")-SUMIFS(Datos!$O$2:$O$94,Datos!$A$2:$A$94,"Accesories (00006010)",Datos!$D$2:$D$94,"2026.M11") -> 392 | E12: =SUMIFS(Datos!$H$2:$H$94,Datos!$A$2:$A$94,"Accesories (00006010)",Datos!$D$2:$D$94,"2026.M12")-SUMIFS(Datos!$O$2:$O$94,Datos!$A$2:$A$94,"Accesories (00006010)",Datos!$D$2:$D$94,"2026.M12") -> 600 | F12: =SUMIFS(Datos!$H$2:$H$94,Datos!$A$2:$A$94,"Accesories (00006010)",Datos!$D$2:$D$94,"2027.M01")-SUMIFS(Datos!$O$2:$O$94,Datos!$A$2:$A$94,"Accesories (00006010)",Datos!$D$2:$D$94,"2027.M01") -> 120 | G12: =SUMIFS(Datos!$H$2:$H$94,Datos!$A$2:$A$94,"Accesories (00006010)",Datos!$D$2:$D$94,"2027.M02")-SUMIFS(Datos!$O$2:$O$94,Datos!$A$2:$A$94,"Accesories (00006010)",Datos!$D$2:$D$94,"2027.M02") -> -316 | H12: =SUMIFS(Datos!$H$2:$H$94,Datos!$A$2:$A$94,"Accesories (00006010)",Datos!$D$2:$D$94,"2027.M03")-SUMIFS(Datos!$O$2:$O$94,Datos!$A$2:$A$94,"Accesories (00006010)",Datos!$D$2:$D$94,"2027.M03") -> -1887 | I12: =SUMIFS(Datos!$H$2:$H$94,Datos!$A$2:$A$94,"Accesories (00006010)",Datos!$D$2:$D$94,"2027.M04")-SUMIFS(Datos!$O$2:$O$94,Datos!$A$2:$A$94,"Accesories (00006010)",Datos!$D$2:$D$94,"2027.M04") -> -1230 | J12: =SUM(B12:I12) -> -2034
A13: Face Multi (00006011) | B13: =SUMIFS(Datos!$H$2:$H$94,Datos!$A$2:$A$94,"Face Multi (00006011)",Datos!$D$2:$D$94,"2026.M09")-SUMIFS(Datos!$O$2:$O$94,Datos!$A$2:$A$94,"Face Multi (00006011)",Datos!$D$2:$D$94,"2026.M09") -> -5 | C13: =SUMIFS(Datos!$H$2:$H$94,Datos!$A$2:$A$94,"Face Multi (00006011)",Datos!$D$2:$D$94,"2026.M10")-SUMIFS(Datos!$O$2:$O$94,Datos!$A$2:$A$94,"Face Multi (00006011)",Datos!$D$2:$D$94,"2026.M10") -> 0 | D13: =SUMIFS(Datos!$H$2:$H$94,Datos!$A$2:$A$94,"Face Multi (00006011)",Datos!$D$2:$D$94,"2026.M11")-SUMIFS(Datos!$O$2:$O$94,Datos!$A$2:$A$94,"Face Multi (00006011)",Datos!$D$2:$D$94,"2026.M11") -> 0 | E13: =SUMIFS(Datos!$H$2:$H$94,Datos!$A$2:$A$94,"Face Multi (00006011)",Datos!$D$2:$D$94,"2026.M12")-SUMIFS(Datos!$O$2:$O$94,Datos!$A$2:$A$94,"Face Multi (00006011)",Datos!$D$2:$D$94,"2026.M12") -> 0 | F13: =SUMIFS(Datos!$H$2:$H$94,Datos!$A$2:$A$94,"Face Multi (00006011)",Datos!$D$2:$D$94,"2027.M01")-SUMIFS(Datos!$O$2:$O$94,Datos!$A$2:$A$94,"Face Multi (00006011)",Datos!$D$2:$D$94,"2027.M01") -> 0 | G13: =SUMIFS(Datos!$H$2:$H$94,Datos!$A$2:$A$94,"Face Multi (00006011)",Datos!$D$2:$D$94,"2027.M02")-SUMIFS(Datos!$O$2:$O$94,Datos!$A$2:$A$94,"Face Multi (00006011)",Datos!$D$2:$D$94,"2027.M02") -> 0 | H13: =SUMIFS(Datos!$H$2:$H$94,Datos!$A$2:$A$94,"Face Multi (00006011)",Datos!$D$2:$D$94,"2027.M03")-SUMIFS(Datos!$O$2:$O$94,Datos!$A$2:$A$94,"Face Multi (00006011)",Datos!$D$2:$D$94,"2027.M03") -> 0 | I13: =SUMIFS(Datos!$H$2:$H$94,Datos!$A$2:$A$94,"Face Multi (00006011)",Datos!$D$2:$D$94,"2027.M04")-SUMIFS(Datos!$O$2:$O$94,Datos!$A$2:$A$94,"Face Multi (00006011)",Datos!$D$2:$D$94,"2027.M04") -> 0 | J13: =SUM(B13:I13) -> -5
A14: Kylie Eye Brushes (00006121) | B14: =SUMIFS(Datos!$H$2:$H$94,Datos!$A$2:$A$94,"Kylie Eye Brushes (00006121)",Datos!$D$2:$D$94,"2026.M09")-SUMIFS(Datos!$O$2:$O$94,Datos!$A$2:$A$94,"Kylie Eye Brushes (00006121)",Datos!$D$2:$D$94,"2026.M09") -> 0 | C14: =SUMIFS(Datos!$H$2:$H$94,Datos!$A$2:$A$94,"Kylie Eye Brushes (00006121)",Datos!$D$2:$D$94,"2026.M10")-SUMIFS(Datos!$O$2:$O$94,Datos!$A$2:$A$94,"Kylie Eye Brushes (00006121)",Datos!$D$2:$D$94,"2026.M10") -> 0 | D14: =SUMIFS(Datos!$H$2:$H$94,Datos!$A$2:$A$94,"Kylie Eye Brushes (00006121)",Datos!$D$2:$D$94,"2026.M11")-SUMIFS(Datos!$O$2:$O$94,Datos!$A$2:$A$94,"Kylie Eye Brushes (00006121)",Datos!$D$2:$D$94,"2026.M11") -> 0 | E14: =SUMIFS(Datos!$H$2:$H$94,Datos!$A$2:$A$94,"Kylie Eye Brushes (00006121)",Datos!$D$2:$D$94,"2026.M12")-SUMIFS(Datos!$O$2:$O$94,Datos!$A$2:$A$94,"Kylie Eye Brushes (00006121)",Datos!$D$2:$D$94,"2026.M12") -> 0 | F14: =SUMIFS(Datos!$H$2:$H$94,Datos!$A$2:$A$94,"Kylie Eye Brushes (00006121)",Datos!$D$2:$D$94,"2027.M01")-SUMIFS(Datos!$O$2:$O$94,Datos!$A$2:$A$94,"Kylie Eye Brushes (00006121)",Datos!$D$2:$D$94,"2027.M01") -> 0 | G14: =SUMIFS(Datos!$H$2:$H$94,Datos!$A$2:$A$94,"Kylie Eye Brushes (00006121)",Datos!$D$2:$D$94,"2027.M02")-SUMIFS(Datos!$O$2:$O$94,Datos!$A$2:$A$94,"Kylie Eye Brushes (00006121)",Datos!$D$2:$D$94,"2027.M02") -> 0 | H14: =SUMIFS(Datos!$H$2:$H$94,Datos!$A$2:$A$94,"Kylie Eye Brushes (00006121)",Datos!$D$2:$D$94,"2027.M03")-SUMIFS(Datos!$O$2:$O$94,Datos!$A$2:$A$94,"Kylie Eye Brushes (00006121)",Datos!$D$2:$D$94,"2027.M03") -> 0 | I14: =SUMIFS(Datos!$H$2:$H$94,Datos!$A$2:$A$94,"Kylie Eye Brushes (00006121)",Datos!$D$2:$D$94,"2027.M04")-SUMIFS(Datos!$O$2:$O$94,Datos!$A$2:$A$94,"Kylie Eye Brushes (00006121)",Datos!$D$2:$D$94,"2027.M04") -> 0 | J14: =SUM(B14:I14) -> 0
A15: TOTAL | B15: =SUM(B12:B14) -> 1583 | C15: =SUM(C12:C14) -> -1301 | D15: =SUM(D12:D14) -> 392 | E15: =SUM(E12:E14) -> 600 | F15: =SUM(F12:F14) -> 120 | G15: =SUM(G12:G14) -> -316 | H15: =SUM(H12:H14) -> -1887 | I15: =SUM(I12:I14) -> -1230 | J15: =SUM(J12:J14) -> -2039
A17: Detalle mensual por Product Line - Consensus W35 (u)
A18: Product Line | B18: 2026.M09 | C18: 2026.M10 | D18: 2026.M11 | E18: 2026.M12 | F18: 2027.M01 | G18: 2027.M02 | H18: 2027.M03 | I18: 2027.M04 | J18: Total
A19: Accesories (00006010) | B19: =SUMIFS(Datos!$H$2:$H$94,Datos!$A$2:$A$94,"Accesories (00006010)",Datos!$D$2:$D$94,"2026.M09") -> 5592 | C19: =SUMIFS(Datos!$H$2:$H$94,Datos!$A$2:$A$94,"Accesories (00006010)",Datos!$D$2:$D$94,"2026.M10") -> 2707 | D19: =SUMIFS(Datos!$H$2:$H$94,Datos!$A$2:$A$94,"Accesories (00006010)",Datos!$D$2:$D$94,"2026.M11") -> 3464 | E19: =SUMIFS(Datos!$H$2:$H$94,Datos!$A$2:$A$94,"Accesories (00006010)",Datos!$D$2:$D$94,"2026.M12") -> 4083 | F19: =SUMIFS(Datos!$H$2:$H$94,Datos!$A$2:$A$94,"Accesories (00006010)",Datos!$D$2:$D$94,"2027.M01") -> 3282 | G19: =SUMIFS(Datos!$H$2:$H$94,Datos!$A$2:$A$94,"Accesories (00006010)",Datos!$D$2:$D$94,"2027.M02") -> 4264 | H19: =SUMIFS(Datos!$H$2:$H$94,Datos!$A$2:$A$94,"Accesories (00006010)",Datos!$D$2:$D$94,"2027.M03") -> 4145 | I19: =SUMIFS(Datos!$H$2:$H$94,Datos!$A$2:$A$94,"Accesories (00006010)",Datos!$D$2:$D$94,"2027.M04") -> 1957 | J19: =SUM(B19:I19) -> 29494
A20: Face Multi (00006011) | B20: =SUMIFS(Datos!$H$2:$H$94,Datos!$A$2:$A$94,"Face Multi (00006011)",Datos!$D$2:$D$94,"2026.M09") -> 2400 | C20: =SUMIFS(Datos!$H$2:$H$94,Datos!$A$2:$A$94,"Face Multi (00006011)",Datos!$D$2:$D$94,"2026.M10") -> 1396 | D20: =SUMIFS(Datos!$H$2:$H$94,Datos!$A$2:$A$94,"Face Multi (00006011)",Datos!$D$2:$D$94,"2026.M11") -> 1228 | E20: =SUMIFS(Datos!$H$2:$H$94,Datos!$A$2:$A$94,"Face Multi (00006011)",Datos!$D$2:$D$94,"2026.M12") -> 1104 | F20: =SUMIFS(Datos!$H$2:$H$94,Datos!$A$2:$A$94,"Face Multi (00006011)",Datos!$D$2:$D$94,"2027.M01") -> 861 | G20: =SUMIFS(Datos!$H$2:$H$94,Datos!$A$2:$A$94,"Face Multi (00006011)",Datos!$D$2:$D$94,"2027.M02") -> 850 | H20: =SUMIFS(Datos!$H$2:$H$94,Datos!$A$2:$A$94,"Face Multi (00006011)",Datos!$D$2:$D$94,"2027.M03") -> 699 | I20: =SUMIFS(Datos!$H$2:$H$94,Datos!$A$2:$A$94,"Face Multi (00006011)",Datos!$D$2:$D$94,"2027.M04") -> 650 | J20: =SUM(B20:I20) -> 9188
A21: Kylie Eye Brushes (00006121) | B21: =SUMIFS(Datos!$H$2:$H$94,Datos!$A$2:$A$94,"Kylie Eye Brushes (00006121)",Datos!$D$2:$D$94,"2026.M09") -> 0 | C21: =SUMIFS(Datos!$H$2:$H$94,Datos!$A$2:$A$94,"Kylie Eye Brushes (00006121)",Datos!$D$2:$D$94,"2026.M10") -> 0 | D21: =SUMIFS(Datos!$H$2:$H$94,Datos!$A$2:$A$94,"Kylie Eye Brushes (00006121)",Datos!$D$2:$D$94,"2026.M11") -> 0 | E21: =SUMIFS(Datos!$H$2:$H$94,Datos!$A$2:$A$94,"Kylie Eye Brushes (00006121)",Datos!$D$2:$D$94,"2026.M12") -> 0 | F21: =SUMIFS(Datos!$H$2:$H$94,Datos!$A$2:$A$94,"Kylie Eye Brushes (00006121)",Datos!$D$2:$D$94,"2027.M01") -> 0 | G21: =SUMIFS(Datos!$H$2:$H$94,Datos!$A$2:$A$94,"Kylie Eye Brushes (00006121)",Datos!$D$2:$D$94,"2027.M02") -> 0 | H21: =SUMIFS(Datos!$H$2:$H$94,Datos!$A$2:$A$94,"Kylie Eye Brushes (00006121)",Datos!$D$2:$D$94,"2027.M03") -> 0 | I21: =SUMIFS(Datos!$H$2:$H$94,Datos!$A$2:$A$94,"Kylie Eye Brushes (00006121)",Datos!$D$2:$D$94,"2027.M04") -> 0 | J21: =SUM(B21:I21) -> 0
A22: TOTAL | B22: =SUM(B19:B21) -> 7992 | C22: =SUM(C19:C21) -> 4103 | D22: =SUM(D19:D21) -> 4692 | E22: =SUM(E19:E21) -> 5187 | F22: =SUM(F19:F21) -> 4143 | G22: =SUM(G19:G21) -> 5114 | H22: =SUM(H19:H21) -> 4844 | I22: =SUM(I19:I21) -> 2607 | J22: =SUM(J19:J21) -> 38682
A99: Anclas de calculo (no borrar) | E99: =SUMIFS(Datos!$H$2:$H$94,Datos!$F$2:$F$94,1) -> 38682 | G99: =SUMIFS(Datos!$H$2:$H$94,Datos!$F$2:$F$94,1)-SUMIFS(Datos!$O$2:$O$94,Datos!$F$2:$F$94,1) -> -2039

Sheet Detalle EAN
A1: Detalle por EAN - ordenado por magnitud del cambio vs ciclo pasado
A2: Horizonte 2026.M09 - 2027.M04. Unidades. "Otras capas" = Consensus menos (System FC + Reasonability Adj + Total Demand Assumption).
A4: Product Line | B4: EAN | C4: Planning Item Description | D4: Modo | E4: LY | F4: W34 | G4: W35 | H4: Δ vs LC (u) | I4: Δ vs LC (%) | J4: Δ vs LY (u) | K4: Δ vs LY (%) | L4: Δ System FC | M4: Δ Reason. Adj | N4: Δ Total Dem. Assum. | O4: Δ Otras capas | P4: W35 System FC | Q4: Gap SysFC vs Consensus
A5: Accesories (00006010) | B5: 4064941161349 | C5: KJ MU OTH ACC TINT BRUSH PINCEAU 03 IV | D5: Sistema | E5: =SUMIFS(Datos!$T$2:$T$94,Datos!$B$2:$B$94,"4064941161349",Datos!$F$2:$F$94,1) -> 27544 | F5: =SUMIFS(Datos!$O$2:$O$94,Datos!$B$2:$B$94,"4064941161349",Datos!$F$2:$F$94,1) -> 23922 | G5: =SUMIFS(Datos!$H$2:$H$94,Datos!$B$2:$B$94,"4064941161349",Datos!$F$2:$F$94,1) -> 21414 | H5: =G5-F5 -> -2508 | I5: =IFERROR(G5/F5-1,"") -> -0.10484073 | J5: =G5-E5 -> -6130 | K5: =IFERROR(G5/E5-1,"") -> -0.22255301 | L5: =SUMIFS(Datos!$I$2:$I$94,Datos!$B$2:$B$94,"4064941161349",Datos!$F$2:$F$94,1)-SUMIFS(Datos!$P$2:$P$94,Datos!$B$2:$B$94,"4064941161349",Datos!$F$2:$F$94,1) -> -2504 | M5: =SUMIFS(Datos!$J$2:$J$94,Datos!$B$2:$B$94,"4064941161349",Datos!$F$2:$F$94,1)-SUMIFS(Datos!$Q$2:$Q$94,Datos!$B$2:$B$94,"4064941161349",Datos!$F$2:$F$94,1) -> -2000 | N5: =SUMIFS(Datos!$K$2:$K$94,Datos!$B$2:$B$94,"4064941161349",Datos!$F$2:$F$94,1)-SUMIFS(Datos!$R$2:$R$94,Datos!$B$2:$B$94,"4064941161349",Datos!$F$2:$F$94,1) -> 1211 | O5: =H5-L5-M5-N5 -> 785 | P5: =SUMIFS(Datos!$I$2:$I$94,Datos!$B$2:$B$94,"4064941161349",Datos!$F$2:$F$94,1) -> 20583 | Q5: =P5-G5 -> -831
A6: Accesories (00006010) | B6: 4064941117254 | C6: KJ MU OTH ACC BRUSH CONCE BRUSH IV | D6: Sistema | E6: =SUMIFS(Datos!$T$2:$T$94,Datos!$B$2:$B$94,"4064941117254",Datos!$F$2:$F$94,1) -> 7324 | F6: =SUMIFS(Datos!$O$2:$O$94,Datos!$B$2:$B$94,"4064941117254",Datos!$F$2:$F$94,1) -> 5527 | G6: =SUMIFS(Datos!$H$2:$H$94,Datos!$B$2:$B$94,"4064941117254",Datos!$F$2:$F$94,1) -> 5869 | H6: =G6-F6 -> 342 | I6: =IFERROR(G6/F6-1,"") -> 0.061878053 | J6: =G6-E6 -> -1455 | K6: =IFERROR(G6/E6-1,"") -> -0.19866193 | L6: =SUMIFS(Datos!$I$2:$I$94,Datos!$B$2:$B$94,"4064941117254",Datos!$F$2:$F$94,1)-SUMIFS(Datos!$P$2:$P$94,Datos!$B$2:$B$94,"4064941117254",Datos!$F$2:$F$94,1) -> 270 | M6: =SUMIFS(Datos!$J$2:$J$94,Datos!$B$2:$B$94,"4064941117254",Datos!$F$2:$F$94,1)-SUMIFS(Datos!$Q$2:$Q$94,Datos!$B$2:$B$94,"4064941117254",Datos!$F$2:$F$94,1) -> 0 | N6: =SUMIFS(Datos!$K$2:$K$94,Datos!$B$2:$B$94,"4064941117254",Datos!$F$2:$F$94,1)-SUMIFS(Datos!$R$2:$R$94,Datos!$B$2:$B$94,"4064941117254",Datos!$F$2:$F$94,1) -> 0 | O6: =H6-L6-M6-N6 -> 72 | P6: =SUMIFS(Datos!$I$2:$I$94,Datos!$B$2:$B$94,"4064941117254",Datos!$F$2:$F$94,1) -> 5797 | Q6: =P6-G6 -> -72
A7: Accesories (00006010) | B7: 4064941117261 | C7: KJ MU OTH ACC RG BRUSH FOUND 23IV | D7: Sistema | E7: =SUMIFS(Datos!$T$2:$T$94,Datos!$B$2:$B$94,"4064941117261",Datos!$F$2:$F$94,1) -> 1073 | F7: =SUMIFS(Datos!$O$2:$O$94,Datos!$B$2:$B$94,"4064941117261",Datos!$F$2:$F$94,1) -> 1144 | G7: =SUMIFS(Datos!$H$2:$H$94,Datos!$B$2:$B$94,"4064941117261",Datos!$F$2:$F$94,1) -> 1237 | H7: =G7-F7 -> 93 | I7: =IFERROR(G7/F7-1,"") -> 0.081293706 | J7: =G7-E7 -> 164 | K7: =IFERROR(G7/E7-1,"") -> 0.1528425 | L7: =SUMIFS(Datos!$I$2:$I$94,Datos!$B$2:$B$94,"4064941117261",Datos!$F$2:$F$94,1)-SUMIFS(Datos!$P$2:$P$94,Datos!$B$2:$B$94,"4064941117261",Datos!$F$2:$F$94,1) -> 78 | M7: =SUMIFS(Datos!$J$2:$J$94,Datos!$B$2:$B$94,"4064941117261",Datos!$F$2:$F$94,1)-SUMIFS(Datos!$Q$2:$Q$94,Datos!$B$2:$B$94,"4064941117261",Datos!$F$2:$F$94,1) -> 0 | N7: =SUMIFS(Datos!$K$2:$K$94,Datos!$B$2:$B$94,"4064941117261",Datos!$F$2:$F$94,1)-SUMIFS(Datos!$R$2:$R$94,Datos!$B$2:$B$94,"4064941117261",Datos!$F$2:$F$94,1) -> 0 | O7: =H7-L7-M7-N7 -> 15 | P7: =SUMIFS(Datos!$I$2:$I$94,Datos!$B$2:$B$94,"4064941117261",Datos!$F$2:$F$94,1) -> 1222 | Q7: =P7-G7 -> -15
A8: Accesories (00006010) | B8: 4064941039655 | C8: KJ MU OTH ACC PENC SHARP n/a FY21 IV | D8: Sistema | E8: =SUMIFS(Datos!$T$2:$T$94,Datos!$B$2:$B$94,"4064941039655",Datos!$F$2:$F$94,1) -> 1885 | F8: =SUMIFS(Datos!$O$2:$O$94,Datos!$B$2:$B$94,"4064941039655",Datos!$F$2:$F$94,1) -> 935 | G8: =SUMIFS(Datos!$H$2:$H$94,Datos!$B$2:$B$94,"4064941039655",Datos!$F$2:$F$94,1) -> 974 | H8: =G8-F8 -> 39 | I8: =IFERROR(G8/F8-1,"") -> 0.04171123 | J8: =G8-E8 -> -911 | K8: =IFERROR(G8/E8-1,"") -> -0.48328912 | L8: =SUMIFS(Datos!$I$2:$I$94,Datos!$B$2:$B$94,"4064941039655",Datos!$F$2:$F$94,1)-SUMIFS(Datos!$P$2:$P$94,Datos!$B$2:$B$94,"4064941039655",Datos!$F$2:$F$94,1) -> 27 | M8: =SUMIFS(Datos!$J$2:$J$94,Datos!$B$2:$B$94,"4064941039655",Datos!$F$2:$F$94,1)-SUMIFS(Datos!$Q$2:$Q$94,Datos!$B$2:$B$94,"4064941039655",Datos!$F$2:$F$94,1) -> 0 | N8: =SUMIFS(Datos!$K$2:$K$94,Datos!$B$2:$B$94,"4064941039655",Datos!$F$2:$F$94,1)-SUMIFS(Datos!$R$2:$R$94,Datos!$B$2:$B$94,"4064941039655",Datos!$F$2:$F$94,1) -> 0 | O8: =H8-L8-M8-N8 -> 12 | P8: =SUMIFS(Datos!$I$2:$I$94,Datos!$B$2:$B$94,"4064941039655",Datos!$F$2:$F$94,1) -> 962 | Q8: =P8-G8 -> -12
A9: Face Multi (00006011) | B9: 4064941192046 | C9: KJ MU FACE ML UNVL BLSH PINCEAU04 IV | D9: Manual | E9: =SUMIFS(Datos!$T$2:$T$94,Datos!$B$2:$B$94,"4064941192046",Datos!$F$2:$F$94,1) -> 8571 | F9: =SUMIFS(Datos!$O$2:$O$94,Datos!$B$2:$B$94,"4064941192046",Datos!$F$2:$F$94,1) -> 6500 | G9: =SUMIFS(Datos!$H$2:$H$94,Datos!$B$2:$B$94,"4064941192046",Datos!$F$2:$F$94,1) -> 6495 | H9: =G9-F9 -> -5 | I9: =IFERROR(G9/F9-1,"") -> -0.00076923077 | J9: =G9-E9 -> -2076 | K9: =IFERROR(G9/E9-1,"") -> -0.24221211 | L9: =SUMIFS(Datos!$I$2:$I$94,Datos!$B$2:$B$94,"4064941192046",Datos!$F$2:$F$94,1)-SUMIFS(Datos!$P$2:$P$94,Datos!$B$2:$B$94,"4064941192046",Datos!$F$2:$F$94,1) -> 6872 | M9: =SUMIFS(Datos!$J$2:$J$94,Datos!$B$2:$B$94,"4064941192046",Datos!$F$2:$F$94,1)-SUMIFS(Datos!$Q$2:$Q$94,Datos!$B$2:$B$94,"4064941192046",Datos!$F$2:$F$94,1) -> 0 | N9: =SUMIFS(Datos!$K$2:$K$94,Datos!$B$2:$B$94,"4064941192046",Datos!$F$2:$F$94,1)-SUMIFS(Datos!$R$2:$R$94,Datos!$B$2:$B$94,"4064941192046",Datos!$F$2:$F$94,1) -> 0 | O9: =H9-L9-M9-N9 -> -6877 | P9: =SUMIFS(Datos!$I$2:$I$94,Datos!$B$2:$B$94,"4064941192046",Datos!$F$2:$F$94,1) -> 11105 | Q9: =P9-G9 -> 4610
A10: Face Multi (00006011) | B10: 4064941192060 | C10: KJ MU FACE ML BRUSH PRS SCLP CMPLN 05 IV | D10: Manual | E10: =SUMIFS(Datos!$T$2:$T$94,Datos!$B$2:$B$94,"4064941192060",Datos!$F$2:$F$94,1) -> 320 | F10: =SUMIFS(Datos!$O$2:$O$94,Datos!$B$2:$B$94,"4064941192060",Datos!$F$2:$F$94,1) -> 1278 | G10: =SUMIFS(Datos!$H$2:$H$94,Datos!$B$2:$B$94,"4064941192060",Datos!$F$2:$F$94,1) -> 1278 | H10: =G10-F10 -> 0 | I10: =IFERROR(G10/F10-1,"") -> 0 | J10: =G10-E10 -> 958 | K10: =IFERROR(G10/E10-1,"") -> 2.99375 | L10: =SUMIFS(Datos!$I$2:$I$94,Datos!$B$2:$B$94,"4064941192060",Datos!$F$2:$F$94,1)-SUMIFS(Datos!$P$2:$P$94,Datos!$B$2:$B$94,"4064941192060",Datos!$F$2:$F$94,1) -> -5777 | M10: =SUMIFS(Datos!$J$2:$J$94,Datos!$B$2:$B$94,"4064941192060",Datos!$F$2:$F$94,1)-SUMIFS(Datos!$Q$2:$Q$94,Datos!$B$2:$B$94,"4064941192060",Datos!$F$2:$F$94,1) -> 0 | N10: =SUMIFS(Datos!$K$2:$K$94,Datos!$B$2:$B$94,"4064941192060",Datos!$F$2:$F$94,1)-SUMIFS(Datos!$R$2:$R$94,Datos!$B$2:$B$94,"4064941192060",Datos!$F$2:$F$94,1) -> 0 | O10: =H10-L10-M10-N10 -> 5777 | P10: =SUMIFS(Datos!$I$2:$I$94,Datos!$B$2:$B$94,"4064941192060",Datos!$F$2:$F$94,1) -> 0 | Q10: =P10-G10 -> -1278
A11: Face Multi (00006011) | B11: 4064941200116 | C11: KJ MU FACE ML BRUSH KJCLIP REG IV | D11: Manual | E11: =SUMIFS(Datos!$T$2:$T$94,Datos!$B$2:$B$94,"4064941200116",Datos!$F$2:$F$94,1) -> 9582 | F11: =SUMIFS(Datos!$O$2:$O$94,Datos!$B$2:$B$94,"4064941200116",Datos!$F$2:$F$94,1) -> 1415 | G11: =SUMIFS(Datos!$H$2:$H$94,Datos!$B$2:$B$94,"4064941200116",Datos!$F$2:$F$94,1) -> 1415 | H11: =G11-F11 -> 0 | I11: =IFERROR(G11/F11-1,"") -> 0 | J11: =G11-E11 -> -8167 | K11: =IFERROR(G11/E11-1,"") -> -0.85232728 | L11: =SUMIFS(Datos!$I$2:$I$94,Datos!$B$2:$B$94,"4064941200116",Datos!$F$2:$F$94,1)-SUMIFS(Datos!$P$2:$P$94,Datos!$B$2:$B$94,"4064941200116",Datos!$F$2:$F$94,1) -> -1677 | M11: =SUMIFS(Datos!$J$2:$J$94,Datos!$B$2:$B$94,"4064941200116",Datos!$F$2:$F$94,1)-SUMIFS(Datos!$Q$2:$Q$94,Datos!$B$2:$B$94,"4064941200116",Datos!$F$2:$F$94,1) -> 0 | N11: =SUMIFS(Datos!$K$2:$K$94,Datos!$B$2:$B$94,"4064941200116",Datos!$F$2:$F$94,1)-SUMIFS(Datos!$R$2:$R$94,Datos!$B$2:$B$94,"4064941200116",Datos!$F$2:$F$94,1) -> 0 | O11: =H11-L11-M11-N11 -> 1677 | P11: =SUMIFS(Datos!$I$2:$I$94,Datos!$B$2:$B$94,"4064941200116",Datos!$F$2:$F$94,1) -> 29 | Q11: =P11-G11 -> -1386
A12: Kylie Eye Brushes (00006121) | B12: 4064941039662 | C12: KJ MU OTH ACC BRUSH n/a BROW FY21 IV | D12: Sistema | E12: =SUMIFS(Datos!$T$2:$T$94,Datos!$B$2:$B$94,"4064941039662",Datos!$F$2:$F$94,1) -> 139 | F12: =SUMIFS(Datos!$O$2:$O$94,Datos!$B$2:$B$94,"4064941039662",Datos!$F$2:$F$94,1) -> 0 | G12: =SUMIFS(Datos!$H$2:$H$94,Datos!$B$2:$B$94,"4064941039662",Datos!$F$2:$F$94,1) -> 0 | H12: =G12-F12 -> 0 | I12: =IFERROR(G12/F12-1,"") | J12: =G12-E12 -> -139 | K12: =IFERROR(G12/E12-1,"") -> -1 | L12: =SUMIFS(Datos!$I$2:$I$94,Datos!$B$2:$B$94,"4064941039662",Datos!$F$2:$F$94,1)-SUMIFS(Datos!$P$2:$P$94,Datos!$B$2:$B$94,"4064941039662",Datos!$F$2:$F$94,1) -> 0 | M12: =SUMIFS(Datos!$J$2:$J$94,Datos!$B$2:$B$94,"4064941039662",Datos!$F$2:$F$94,1)-SUMIFS(Datos!$Q$2:$Q$94,Datos!$B$2:$B$94,"4064941039662",Datos!$F$2:$F$94,1) -> 0 | N12: =SUMIFS(Datos!$K$2:$K$94,Datos!$B$2:$B$94,"4064941039662",Datos!$F$2:$F$94,1)-SUMIFS(Datos!$R$2:$R$94,Datos!$B$2:$B$94,"4064941039662",Datos!$F$2:$F$94,1) -> 0 | O12: =H12-L12-M12-N12 -> 0 | P12: =SUMIFS(Datos!$I$2:$I$94,Datos!$B$2:$B$94,"4064941039662",Datos!$F$2:$F$94,1) -> 0 | Q12: =P12-G12 -> 0
A13: TOTAL | E13: =SUM(E5:E12) -> 56438 | F13: =SUM(F5:F12) -> 40721 | G13: =SUM(G5:G12) -> 38682 | H13: =SUM(H5:H12) -> -2039 | I13: =IFERROR(G13/F13-1,"") -> -0.050072444 | J13: =SUM(J5:J12) -> -17756 | K13: =IFERROR(G13/E13-1,"") -> -0.31461072 | L13: =SUM(L5:L12) -> -2711 | M13: =SUM(M5:M12) -> -2000 | N13: =SUM(N5:N12) -> 1211 | O13: =SUM(O5:O12) -> 1461 | P13: =SUM(P5:P12) -> 39698 | Q13: =SUM(Q5:Q12) -> 1016

Sheet EAN x Mes
A1: Matriz EAN x Mes
A2: Consensus - Final en unidades. Horizonte 2026.M09 - 2027.M04.
A4: A. Δ vs ciclo pasado (W35 - W34)
A5: EAN | B5: Planning Item Description | C5: 2026.M09 | D5: 2026.M10 | E5: 2026.M11 | F5: 2026.M12 | G5: 2027.M01 | H5: 2027.M02 | I5: 2027.M03 | J5: 2027.M04 | K5: Total
A6: 4064941161349 | B6: KJ MU OTH ACC TINT BRUSH PINCEAU 03 IV | C6: =SUMIFS(Datos!$H$2:$H$94,Datos!$B$2:$B$94,"4064941161349",Datos!$D$2:$D$94,"2026.M09")-SUMIFS(Datos!$O$2:$O$94,Datos!$B$2:$B$94,"4064941161349",Datos!$D$2:$D$94,"2026.M09") -> 864 | D6: =SUMIFS(Datos!$H$2:$H$94,Datos!$B$2:$B$94,"4064941161349",Datos!$D$2:$D$94,"2026.M10")-SUMIFS(Datos!$O$2:$O$94,Datos!$B$2:$B$94,"4064941161349",Datos!$D$2:$D$94,"2026.M10") -> -962 | E6: =SUMIFS(Datos!$H$2:$H$94,Datos!$B$2:$B$94,"4064941161349",Datos!$D$2:$D$94,"2026.M11")-SUMIFS(Datos!$O$2:$O$94,Datos!$B$2:$B$94,"4064941161349",Datos!$D$2:$D$94,"2026.M11") -> 97 | F6: =SUMIFS(Datos!$H$2:$H$94,Datos!$B$2:$B$94,"4064941161349",Datos!$D$2:$D$94,"2026.M12")-SUMIFS(Datos!$O$2:$O$94,Datos!$B$2:$B$94,"4064941161349",Datos!$D$2:$D$94,"2026.M12") -> 12 | G6: =SUMIFS(Datos!$H$2:$H$94,Datos!$B$2:$B$94,"4064941161349",Datos!$D$2:$D$94,"2027.M01")-SUMIFS(Datos!$O$2:$O$94,Datos!$B$2:$B$94,"4064941161349",Datos!$D$2:$D$94,"2027.M01") -> -50 | H6: =SUMIFS(Datos!$H$2:$H$94,Datos!$B$2:$B$94,"4064941161349",Datos!$D$2:$D$94,"2027.M02")-SUMIFS(Datos!$O$2:$O$94,Datos!$B$2:$B$94,"4064941161349",Datos!$D$2:$D$94,"2027.M02") -> 659 | I6: =SUMIFS(Datos!$H$2:$H$94,Datos!$B$2:$B$94,"4064941161349",Datos!$D$2:$D$94,"2027.M03")-SUMIFS(Datos!$O$2:$O$94,Datos!$B$2:$B$94,"4064941161349",Datos!$D$2:$D$94,"2027.M03") -> -1905 | J6: =SUMIFS(Datos!$H$2:$H$94,Datos!$B$2:$B$94,"4064941161349",Datos!$D$2:$D$94,"2027.M04")-SUMIFS(Datos!$O$2:$O$94,Datos!$B$2:$B$94,"4064941161349",Datos!$D$2:$D$94,"2027.M04") -> -1223 | K6: =SUM(C6:J6) -> -2508
A7: 4064941117254 | B7: KJ MU OTH ACC BRUSH CONCE BRUSH IV | C7: =SUMIFS(Datos!$H$2:$H$94,Datos!$B$2:$B$94,"4064941117254",Datos!$D$2:$D$94,"2026.M09")-SUMIFS(Datos!$O$2:$O$94,Datos!$B$2:$B$94,"4064941117254",Datos!$D$2:$D$94,"2026.M09") -> 544 | D7: =SUMIFS(Datos!$H$2:$H$94,Datos!$B$2:$B$94,"4064941117254",Datos!$D$2:$D$94,"2026.M10")-SUMIFS(Datos!$O$2:$O$94,Datos!$B$2:$B$94,"4064941117254",Datos!$D$2:$D$94,"2026.M10") -> -277 | E7: =SUMIFS(Datos!$H$2:$H$94,Datos!$B$2:$B$94,"4064941117254",Datos!$D$2:$D$94,"2026.M11")-SUMIFS(Datos!$O$2:$O$94,Datos!$B$2:$B$94,"4064941117254",Datos!$D$2:$D$94,"2026.M11") -> 273 | F7: =SUMIFS(Datos!$H$2:$H$94,Datos!$B$2:$B$94,"4064941117254",Datos!$D$2:$D$94,"2026.M12")-SUMIFS(Datos!$O$2:$O$94,Datos!$B$2:$B$94,"4064941117254",Datos!$D$2:$D$94,"2026.M12") -> 542 | G7: =SUMIFS(Datos!$H$2:$H$94,Datos!$B$2:$B$94,"4064941117254",Datos!$D$2:$D$94,"2027.M01")-SUMIFS(Datos!$O$2:$O$94,Datos!$B$2:$B$94,"4064941117254",Datos!$D$2:$D$94,"2027.M01") -> 179 | H7: =SUMIFS(Datos!$H$2:$H$94,Datos!$B$2:$B$94,"4064941117254",Datos!$D$2:$D$94,"2027.M02")-SUMIFS(Datos!$O$2:$O$94,Datos!$B$2:$B$94,"4064941117254",Datos!$D$2:$D$94,"2027.M02") -> -1007 | I7: =SUMIFS(Datos!$H$2:$H$94,Datos!$B$2:$B$94,"4064941117254",Datos!$D$2:$D$94,"2027.M03")-SUMIFS(Datos!$O$2:$O$94,Datos!$B$2:$B$94,"4064941117254",Datos!$D$2:$D$94,"2027.M03") -> -3 | J7: =SUMIFS(Datos!$H$2:$H$94,Datos!$B$2:$B$94,"4064941117254",Datos!$D$2:$D$94,"2027.M04")-SUMIFS(Datos!$O$2:$O$94,Datos!$B$2:$B$94,"4064941117254",Datos!$D$2:$D$94,"2027.M04") -> 91 | K7: =SUM(C7:J7) -> 342
A8: 4064941117261 | B8: KJ MU OTH ACC RG BRUSH FOUND 23IV | C8: =SUMIFS(Datos!$H$2:$H$94,Datos!$B$2:$B$94,"4064941117261",Datos!$D$2:$D$94,"2026.M09")-SUMIFS(Datos!$O$2:$O$94,Datos!$B$2:$B$94,"4064941117261",Datos!$D$2:$D$94,"2026.M09") -> 103 | D8: =SUMIFS(Datos!$H$2:$H$94,Datos!$B$2:$B$94,"4064941117261",Datos!$D$2:$D$94,"2026.M10")-SUMIFS(Datos!$O$2:$O$94,Datos!$B$2:$B$94,"4064941117261",Datos!$D$2:$D$94,"2026.M10") -> -34 | E8: =SUMIFS(Datos!$H$2:$H$94,Datos!$B$2:$B$94,"4064941117261",Datos!$D$2:$D$94,"2026.M11")-SUMIFS(Datos!$O$2:$O$94,Datos!$B$2:$B$94,"4064941117261",Datos!$D$2:$D$94,"2026.M11") -> 18 | F8: =SUMIFS(Datos!$H$2:$H$94,Datos!$B$2:$B$94,"4064941117261",Datos!$D$2:$D$94,"2026.M12")-SUMIFS(Datos!$O$2:$O$94,Datos!$B$2:$B$94,"4064941117261",Datos!$D$2:$D$94,"2026.M12") -> 28 | G8: =SUMIFS(Datos!$H$2:$H$94,Datos!$B$2:$B$94,"4064941117261",Datos!$D$2:$D$94,"2027.M01")-SUMIFS(Datos!$O$2:$O$94,Datos!$B$2:$B$94,"4064941117261",Datos!$D$2:$D$94,"2027.M01") -> -4 | H8: =SUMIFS(Datos!$H$2:$H$94,Datos!$B$2:$B$94,"4064941117261",Datos!$D$2:$D$94,"2027.M02")-SUMIFS(Datos!$O$2:$O$94,Datos!$B$2:$B$94,"4064941117261",Datos!$D$2:$D$94,"2027.M02") -> 20 | I8: =SUMIFS(Datos!$H$2:$H$94,Datos!$B$2:$B$94,"4064941117261",Datos!$D$2:$D$94,"2027.M03")-SUMIFS(Datos!$O$2:$O$94,Datos!$B$2:$B$94,"4064941117261",Datos!$D$2:$D$94,"2027.M03") -> 13 | J8: =SUMIFS(Datos!$H$2:$H$94,Datos!$B$2:$B$94,"4064941117261",Datos!$D$2:$D$94,"2027.M04")-SUMIFS(Datos!$O$2:$O$94,Datos!$B$2:$B$94,"4064941117261",Datos!$D$2:$D$94,"2027.M04") -> -51 | K8: =SUM(C8:J8) -> 93
A9: 4064941039655 | B9: KJ MU OTH ACC PENC SHARP n/a FY21 IV | C9: =SUMIFS(Datos!$H$2:$H$94,Datos!$B$2:$B$94,"4064941039655",Datos!$D$2:$D$94,"2026.M09")-SUMIFS(Datos!$O$2:$O$94,Datos!$B$2:$B$94,"4064941039655",Datos!$D$2:$D$94,"2026.M09") -> 77 | D9: =SUMIFS(Datos!$H$2:$H$94,Datos!$B$2:$B$94,"4064941039655",Datos!$D$2:$D$94,"2026.M10")-SUMIFS(Datos!$O$2:$O$94,Datos!$B$2:$B$94,"4064941039655",Datos!$D$2:$D$94,"2026.M10") -> -28 | E9: =SUMIFS(Datos!$H$2:$H$94,Datos!$B$2:$B$94,"4064941039655",Datos!$D$2:$D$94,"2026.M11")-SUMIFS(Datos!$O$2:$O$94,Datos!$B$2:$B$94,"4064941039655",Datos!$D$2:$D$94,"2026.M11") -> 4 | F9: =SUMIFS(Datos!$H$2:$H$94,Datos!$B$2:$B$94,"4064941039655",Datos!$D$2:$D$94,"2026.M12")-SUMIFS(Datos!$O$2:$O$94,Datos!$B$2:$B$94,"4064941039655",Datos!$D$2:$D$94,"2026.M12") -> 18 | G9: =SUMIFS(Datos!$H$2:$H$94,Datos!$B$2:$B$94,"4064941039655",Datos!$D$2:$D$94,"2027.M01")-SUMIFS(Datos!$O$2:$O$94,Datos!$B$2:$B$94,"4064941039655",Datos!$D$2:$D$94,"2027.M01") -> -5 | H9: =SUMIFS(Datos!$H$2:$H$94,Datos!$B$2:$B$94,"4064941039655",Datos!$D$2:$D$94,"2027.M02")-SUMIFS(Datos!$O$2:$O$94,Datos!$B$2:$B$94,"4064941039655",Datos!$D$2:$D$94,"2027.M02") -> 12 | I9: =SUMIFS(Datos!$H$2:$H$94,Datos!$B$2:$B$94,"4064941039655",Datos!$D$2:$D$94,"2027.M03")-SUMIFS(Datos!$O$2:$O$94,Datos!$B$2:$B$94,"4064941039655",Datos!$D$2:$D$94,"2027.M03") -> 8 | J9: =SUMIFS(Datos!$H$2:$H$94,Datos!$B$2:$B$94,"4064941039655",Datos!$D$2:$D$94,"2027.M04")-SUMIFS(Datos!$O$2:$O$94,Datos!$B$2:$B$94,"4064941039655",Datos!$D$2:$D$94,"2027.M04") -> -47 | K9: =SUM(C9:J9) -> 39
A10: 4064941192046 | B10: KJ MU FACE ML UNVL BLSH PINCEAU04 IV | C10: =SUMIFS(Datos!$H$2:$H$94,Datos!$B$2:$B$94,"4064941192046",Datos!$D$2:$D$94,"2026.M09")-SUMIFS(Datos!$O$2:$O$94,Datos!$B$2:$B$94,"4064941192046",Datos!$D$2:$D$94,"2026.M09") -> -5 | D10: =SUMIFS(Datos!$H$2:$H$94,Datos!$B$2:$B$94,"4064941192046",Datos!$D$2:$D$94,"2026.M10")-SUMIFS(Datos!$O$2:$O$94,Datos!$B$2:$B$94,"4064941192046",Datos!$D$2:$D$94,"2026.M10") -> 0 | E10: =SUMIFS(Datos!$H$2:$H$94,Datos!$B$2:$B$94,"4064941192046",Datos!$D$2:$D$94,"2026.M11")-SUMIFS(Datos!$O$2:$O$94,Datos!$B$2:$B$94,"4064941192046",Datos!$D$2:$D$94,"2026.M11") -> 0 | F10: =SUMIFS(Datos!$H$2:$H$94,Datos!$B$2:$B$94,"4064941192046",Datos!$D$2:$D$94,"2026.M12")-SUMIFS(Datos!$O$2:$O$94,Datos!$B$2:$B$94,"4064941192046",Datos!$D$2:$D$94,"2026.M12") -> 0 | G10: =SUMIFS(Datos!$H$2:$H$94,Datos!$B$2:$B$94,"4064941192046",Datos!$D$2:$D$94,"2027.M01")-SUMIFS(Datos!$O$2:$O$94,Datos!$B$2:$B$94,"4064941192046",Datos!$D$2:$D$94,"2027.M01") -> 0 | H10: =SUMIFS(Datos!$H$2:$H$94,Datos!$B$2:$B$94,"4064941192046",Datos!$D$2:$D$94,"2027.M02")-SUMIFS(Datos!$O$2:$O$94,Datos!$B$2:$B$94,"4064941192046",Datos!$D$2:$D$94,"2027.M02") -> 0 | I10: =SUMIFS(Datos!$H$2:$H$94,Datos!$B$2:$B$94,"4064941192046",Datos!$D$2:$D$94,"2027.M03")-SUMIFS(Datos!$O$2:$O$94,Datos!$B$2:$B$94,"4064941192046",Datos!$D$2:$D$94,"2027.M03") -> 0 | J10: =SUMIFS(Datos!$H$2:$H$94,Datos!$B$2:$B$94,"4064941192046",Datos!$D$2:$D$94,"2027.M04")-SUMIFS(Datos!$O$2:$O$94,Datos!$B$2:$B$94,"4064941192046",Datos!$D$2:$D$94,"2027.M04") -> 0 | K10: =SUM(C10:J10) -> -5
A11: 4064941192060 | B11: KJ MU FACE ML BRUSH PRS SCLP CMPLN 05 IV | C11: =SUMIFS(Datos!$H$2:$H$94,Datos!$B$2:$B$94,"4064941192060",Datos!$D$2:$D$94,"2026.M09")-SUMIFS(Datos!$O$2:$O$94,Datos!$B$2:$B$94,"4064941192060",Datos!$D$2:$D$94,"2026.M09") -> 0 | D11: =SUMIFS(Datos!$H$2:$H$94,Datos!$B$2:$B$94,"4064941192060",Datos!$D$2:$D$94,"2026.M10")-SUMIFS(Datos!$O$2:$O$94,Datos!$B$2:$B$94,"4064941192060",Datos!$D$2:$D$94,"2026.M10") -> 0 | E11: =SUMIFS(Datos!$H$2:$H$94,Datos!$B$2:$B$94,"4064941192060",Datos!$D$2:$D$94,"2026.M11")-SUMIFS(Datos!$O$2:$O$94,Datos!$B$2:$B$94,"4064941192060",Datos!$D$2:$D$94,"2026.M11") -> 0 | F11: =SUMIFS(Datos!$H$2:$H$94,Datos!$B$2:$B$94,"4064941192060",Datos!$D$2:$D$94,"2026.M12")-SUMIFS(Datos!$O$2:$O$94,Datos!$B$2:$B$94,"4064941192060",Datos!$D$2:$D$94,"2026.M12") -> 0 | G11: =SUMIFS(Datos!$H$2:$H$94,Datos!$B$2:$B$94,"4064941192060",Datos!$D$2:$D$94,"2027.M01")-SUMIFS(Datos!$O$2:$O$94,Datos!$B$2:$B$94,"4064941192060",Datos!$D$2:$D$94,"2027.M01") -> 0 | H11: =SUMIFS(Datos!$H$2:$H$94,Datos!$B$2:$B$94,"4064941192060",Datos!$D$2:$D$94,"2027.M02")-SUMIFS(Datos!$O$2:$O$94,Datos!$B$2:$B$94,"4064941192060",Datos!$D$2:$D$94,"2027.M02") -> 0 | I11: =SUMIFS(Datos!$H$2:$H$94,Datos!$B$2:$B$94,"4064941192060",Datos!$D$2:$D$94,"2027.M03")-SUMIFS(Datos!$O$2:$O$94,Datos!$B$2:$B$94,"4064941192060",Datos!$D$2:$D$94,"2027.M03") -> 0 | J11: =SUMIFS(Datos!$H$2:$H$94,Datos!$B$2:$B$94,"4064941192060",Datos!$D$2:$D$94,"2027.M04")-SUMIFS(Datos!$O$2:$O$94,Datos!$B$2:$B$94,"4064941192060",Datos!$D$2:$D$94,"2027.M04") -> 0 | K11: =SUM(C11:J11) -> 0
A12: 4064941200116 | B12: KJ MU FACE ML BRUSH KJCLIP REG IV | C12: =SUMIFS(Datos!$H$2:$H$94,Datos!$B$2:$B$94,"4064941200116",Datos!$D$2:$D$94,"2026.M09")-SUMIFS(Datos!$O$2:$O$94,Datos!$B$2:$B$94,"4064941200116",Datos!$D$2:$D$94,"2026.M09") -> 0 | D12: =SUMIFS(Datos!$H$2:$H$94,Datos!$B$2:$B$94,"4064941200116",Datos!$D$2:$D$94,"2026.M10")-SUMIFS(Datos!$O$2:$O$94,Datos!$B$2:$B$94,"4064941200116",Datos!$D$2:$D$94,"2026.M10") -> 0 | E12: =SUMIFS(Datos!$H$2:$H$94,Datos!$B$2:$B$94,"4064941200116",Datos!$D$2:$D$94,"2026.M11")-SUMIFS(Datos!$O$2:$O$94,Datos!$B$2:$B$94,"4064941200116",Datos!$D$2:$D$94,"2026.M11") -> 0 | F12: =SUMIFS(Datos!$H$2:$H$94,Datos!$B$2:$B$94,"4064941200116",Datos!$D$2:$D$94,"2026.M12")-SUMIFS(Datos!$O$2:$O$94,Datos!$B$2:$B$94,"4064941200116",Datos!$D$2:$D$94,"2026.M12") -> 0 | G12: =SUMIFS(Datos!$H$2:$H$94,Datos!$B$2:$B$94,"4064941200116",Datos!$D$2:$D$94,"2027.M01")-SUMIFS(Datos!$O$2:$O$94,Datos!$B$2:$B$94,"4064941200116",Datos!$D$2:$D$94,"2027.M01") -> 0 | H12: =SUMIFS(Datos!$H$2:$H$94,Datos!$B$2:$B$94,"4064941200116",Datos!$D$2:$D$94,"2027.M02")-SUMIFS(Datos!$O$2:$O$94,Datos!$B$2:$B$94,"4064941200116",Datos!$D$2:$D$94,"2027.M02") -> 0 | I12: =SUMIFS(Datos!$H$2:$H$94,Datos!$B$2:$B$94,"4064941200116",Datos!$D$2:$D$94,"2027.M03")-SUMIFS(Datos!$O$2:$O$94,Datos!$B$2:$B$94,"4064941200116",Datos!$D$2:$D$94,"2027.M03") -> 0 | J12: =SUMIFS(Datos!$H$2:$H$94,Datos!$B$2:$B$94,"4064941200116",Datos!$D$2:$D$94,"2027.M04")-SUMIFS(Datos!$O$2:$O$94,Datos!$B$2:$B$94,"4064941200116",Datos!$D$2:$D$94,"2027.M04") -> 0 | K12: =SUM(C12:J12) -> 0
A13: 4064941039662 | B13: KJ MU OTH ACC BRUSH n/a BROW FY21 IV | C13: =SUMIFS(Datos!$H$2:$H$94,Datos!$B$2:$B$94,"4064941039662",Datos!$D$2:$D$94,"2026.M09")-SUMIFS(Datos!$O$2:$O$94,Datos!$B$2:$B$94,"4064941039662",Datos!$D$2:$D$94,"2026.M09") -> 0 | D13: =SUMIFS(Datos!$H$2:$H$94,Datos!$B$2:$B$94,"4064941039662",Datos!$D$2:$D$94,"2026.M10")-SUMIFS(Datos!$O$2:$O$94,Datos!$B$2:$B$94,"4064941039662",Datos!$D$2:$D$94,"2026.M10") -> 0 | E13: =SUMIFS(Datos!$H$2:$H$94,Datos!$B$2:$B$94,"4064941039662",Datos!$D$2:$D$94,"2026.M11")-SUMIFS(Datos!$O$2:$O$94,Datos!$B$2:$B$94,"4064941039662",Datos!$D$2:$D$94,"2026.M11") -> 0 | F13: =SUMIFS(Datos!$H$2:$H$94,Datos!$B$2:$B$94,"4064941039662",Datos!$D$2:$D$94,"2026.M12")-SUMIFS(Datos!$O$2:$O$94,Datos!$B$2:$B$94,"4064941039662",Datos!$D$2:$D$94,"2026.M12") -> 0 | G13: =SUMIFS(Datos!$H$2:$H$94,Datos!$B$2:$B$94,"4064941039662",Datos!$D$2:$D$94,"2027.M01")-SUMIFS(Datos!$O$2:$O$94,Datos!$B$2:$B$94,"4064941039662",Datos!$D$2:$D$94,"2027.M01") -> 0 | H13: =SUMIFS(Datos!$H$2:$H$94,Datos!$B$2:$B$94,"4064941039662",Datos!$D$2:$D$94,"2027.M02")-SUMIFS(Datos!$O$2:$O$94,Datos!$B$2:$B$94,"4064941039662",Datos!$D$2:$D$94,"2027.M02") -> 0 | I13: =SUMIFS(Datos!$H$2:$H$94,Datos!$B$2:$B$94,"4064941039662",Datos!$D$2:$D$94,"2027.M03")-SUMIFS(Datos!$O$2:$O$94,Datos!$B$2:$B$94,"4064941039662",Datos!$D$2:$D$94,"2027.M03") -> 0 | J13: =SUMIFS(Datos!$H$2:$H$94,Datos!$B$2:$B$94,"4064941039662",Datos!$D$2:$D$94,"2027.M04")-SUMIFS(Datos!$O$2:$O$94,Datos!$B$2:$B$94,"4064941039662",Datos!$D$2:$D$94,"2027.M04") -> 0 | K13: =SUM(C13:J13) -> 0
A14: TOTAL | C14: =SUM(C6:C13) -> 1583 | D14: =SUM(D6:D13) -> -1301 | E14: =SUM(E6:E13) -> 392 | F14: =SUM(F6:F13) -> 600 | G14: =SUM(G6:G13) -> 120 | H14: =SUM(H6:H13) -> -316 | I14: =SUM(I6:I13) -> -1887 | J14: =SUM(J6:J13) -> -1230 | K14: =SUM(K6:K13) -> -2039
A17: B. Consensus W35 (este ciclo)
A18: EAN | B18: Planning Item Description | C18: 2026.M09 | D18: 2026.M10 | E18: 2026.M11 | F18: 2026.M12 | G18: 2027.M01 | H18: 2027.M02 | I18: 2027.M03 | J18: 2027.M04 | K18: Total
A19: 4064941161349 | B19: KJ MU OTH ACC TINT BRUSH PINCEAU 03 IV | C19: =SUMIFS(Datos!$H$2:$H$94,Datos!$B$2:$B$94,"4064941161349",Datos!$D$2:$D$94,"2026.M09") -> 4157 | D19: =SUMIFS(Datos!$H$2:$H$94,Datos!$B$2:$B$94,"4064941161349",Datos!$D$2:$D$94,"2026.M10") -> 1944 | E19: =SUMIFS(Datos!$H$2:$H$94,Datos!$B$2:$B$94,"4064941161349",Datos!$D$2:$D$94,"2026.M11") -> 2488 | F19: =SUMIFS(Datos!$H$2:$H$94,Datos!$B$2:$B$94,"4064941161349",Datos!$D$2:$D$94,"2026.M12") -> 2927 | G19: =SUMIFS(Datos!$H$2:$H$94,Datos!$B$2:$B$94,"4064941161349",Datos!$D$2:$D$94,"2027.M01") -> 2418 | H19: =SUMIFS(Datos!$H$2:$H$94,Datos!$B$2:$B$94,"4064941161349",Datos!$D$2:$D$94,"2027.M02") -> 3068 | I19: =SUMIFS(Datos!$H$2:$H$94,Datos!$B$2:$B$94,"4064941161349",Datos!$D$2:$D$94,"2027.M03") -> 3011 | J19: =SUMIFS(Datos!$H$2:$H$94,Datos!$B$2:$B$94,"4064941161349",Datos!$D$2:$D$94,"2027.M04") -> 1401 | K19: =SUM(C19:J19) -> 21414
A20: 4064941117254 | B20: KJ MU OTH ACC BRUSH CONCE BRUSH IV | C20: =SUMIFS(Datos!$H$2:$H$94,Datos!$B$2:$B$94,"4064941117254",Datos!$D$2:$D$94,"2026.M09") -> 997 | D20: =SUMIFS(Datos!$H$2:$H$94,Datos!$B$2:$B$94,"4064941117254",Datos!$D$2:$D$94,"2026.M10") -> 563 | E20: =SUMIFS(Datos!$H$2:$H$94,Datos!$B$2:$B$94,"4064941117254",Datos!$D$2:$D$94,"2026.M11") -> 710 | F20: =SUMIFS(Datos!$H$2:$H$94,Datos!$B$2:$B$94,"4064941117254",Datos!$D$2:$D$94,"2026.M12") -> 844 | G20: =SUMIFS(Datos!$H$2:$H$94,Datos!$B$2:$B$94,"4064941117254",Datos!$D$2:$D$94,"2027.M01") -> 633 | H20: =SUMIFS(Datos!$H$2:$H$94,Datos!$B$2:$B$94,"4064941117254",Datos!$D$2:$D$94,"2027.M02") -> 880 | I20: =SUMIFS(Datos!$H$2:$H$94,Datos!$B$2:$B$94,"4064941117254",Datos!$D$2:$D$94,"2027.M03") -> 824 | J20: =SUMIFS(Datos!$H$2:$H$94,Datos!$B$2:$B$94,"4064941117254",Datos!$D$2:$D$94,"2027.M04") -> 418 | K20: =SUM(C20:J20) -> 5869
A21: 4064941117261 | B21: KJ MU OTH ACC RG BRUSH FOUND 23IV | C21: =SUMIFS(Datos!$H$2:$H$94,Datos!$B$2:$B$94,"4064941117261",Datos!$D$2:$D$94,"2026.M09") -> 245 | D21: =SUMIFS(Datos!$H$2:$H$94,Datos!$B$2:$B$94,"4064941117261",Datos!$D$2:$D$94,"2026.M10") -> 112 | E21: =SUMIFS(Datos!$H$2:$H$94,Datos!$B$2:$B$94,"4064941117261",Datos!$D$2:$D$94,"2026.M11") -> 150 | F21: =SUMIFS(Datos!$H$2:$H$94,Datos!$B$2:$B$94,"4064941117261",Datos!$D$2:$D$94,"2026.M12") -> 174 | G21: =SUMIFS(Datos!$H$2:$H$94,Datos!$B$2:$B$94,"4064941117261",Datos!$D$2:$D$94,"2027.M01") -> 129 | H21: =SUMIFS(Datos!$H$2:$H$94,Datos!$B$2:$B$94,"4064941117261",Datos!$D$2:$D$94,"2027.M02") -> 176 | I21: =SUMIFS(Datos!$H$2:$H$94,Datos!$B$2:$B$94,"4064941117261",Datos!$D$2:$D$94,"2027.M03") -> 173 | J21: =SUMIFS(Datos!$H$2:$H$94,Datos!$B$2:$B$94,"4064941117261",Datos!$D$2:$D$94,"2027.M04") -> 78 | K21: =SUM(C21:J21) -> 1237
A22: 4064941039655 | B22: KJ MU OTH ACC PENC SHARP n/a FY21 IV | C22: =SUMIFS(Datos!$H$2:$H$94,Datos!$B$2:$B$94,"4064941039655",Datos!$D$2:$D$94,"2026.M09") -> 193 | D22: =SUMIFS(Datos!$H$2:$H$94,Datos!$B$2:$B$94,"4064941039655",Datos!$D$2:$D$94,"2026.M10") -> 88 | E22: =SUMIFS(Datos!$H$2:$H$94,Datos!$B$2:$B$94,"4064941039655",Datos!$D$2:$D$94,"2026.M11") -> 116 | F22: =SUMIFS(Datos!$H$2:$H$94,Datos!$B$2:$B$94,"4064941039655",Datos!$D$2:$D$94,"2026.M12") -> 138 | G22: =SUMIFS(Datos!$H$2:$H$94,Datos!$B$2:$B$94,"4064941039655",Datos!$D$2:$D$94,"2027.M01") -> 102 | H22: =SUMIFS(Datos!$H$2:$H$94,Datos!$B$2:$B$94,"4064941039655",Datos!$D$2:$D$94,"2027.M02") -> 140 | I22: =SUMIFS(Datos!$H$2:$H$94,Datos!$B$2:$B$94,"4064941039655",Datos!$D$2:$D$94,"2027.M03") -> 137 | J22: =SUMIFS(Datos!$H$2:$H$94,Datos!$B$2:$B$94,"4064941039655",Datos!$D$2:$D$94,"2027.M04") -> 60 | K22: =SUM(C22:J22) -> 974
A23: 4064941192046 | B23: KJ MU FACE ML UNVL BLSH PINCEAU04 IV | C23: =SUMIFS(Datos!$H$2:$H$94,Datos!$B$2:$B$94,"4064941192046",Datos!$D$2:$D$94,"2026.M09") -> 1995 | D23: =SUMIFS(Datos!$H$2:$H$94,Datos!$B$2:$B$94,"4064941192046",Datos!$D$2:$D$94,"2026.M10") -> 1000 | E23: =SUMIFS(Datos!$H$2:$H$94,Datos!$B$2:$B$94,"4064941192046",Datos!$D$2:$D$94,"2026.M11") -> 750 | F23: =SUMIFS(Datos!$H$2:$H$94,Datos!$B$2:$B$94,"4064941192046",Datos!$D$2:$D$94,"2026.M12") -> 750 | G23: =SUMIFS(Datos!$H$2:$H$94,Datos!$B$2:$B$94,"4064941192046",Datos!$D$2:$D$94,"2027.M01") -> 500 | H23: =SUMIFS(Datos!$H$2:$H$94,Datos!$B$2:$B$94,"4064941192046",Datos!$D$2:$D$94,"2027.M02") -> 500 | I23: =SUMIFS(Datos!$H$2:$H$94,Datos!$B$2:$B$94,"4064941192046",Datos!$D$2:$D$94,"2027.M03") -> 500 | J23: =SUMIFS(Datos!$H$2:$H$94,Datos!$B$2:$B$94,"4064941192046",Datos!$D$2:$D$94,"2027.M04") -> 500 | K23: =SUM(C23:J23) -> 6495
A24: 4064941192060 | B24: KJ MU FACE ML BRUSH PRS SCLP CMPLN 05 IV | C24: =SUMIFS(Datos!$H$2:$H$94,Datos!$B$2:$B$94,"4064941192060",Datos!$D$2:$D$94,"2026.M09") -> 212 | D24: =SUMIFS(Datos!$H$2:$H$94,Datos!$B$2:$B$94,"4064941192060",Datos!$D$2:$D$94,"2026.M10") -> 217 | E24: =SUMIFS(Datos!$H$2:$H$94,Datos!$B$2:$B$94,"4064941192060",Datos!$D$2:$D$94,"2026.M11") -> 212 | F24: =SUMIFS(Datos!$H$2:$H$94,Datos!$B$2:$B$94,"4064941192060",Datos!$D$2:$D$94,"2026.M12") -> 194 | G24: =SUMIFS(Datos!$H$2:$H$94,Datos!$B$2:$B$94,"4064941192060",Datos!$D$2:$D$94,"2027.M01") -> 194 | H24: =SUMIFS(Datos!$H$2:$H$94,Datos!$B$2:$B$94,"4064941192060",Datos!$D$2:$D$94,"2027.M02") -> 200 | I24: =SUMIFS(Datos!$H$2:$H$94,Datos!$B$2:$B$94,"4064941192060",Datos!$D$2:$D$94,"2027.M03") -> 49 | J24: =SUMIFS(Datos!$H$2:$H$94,Datos!$B$2:$B$94,"4064941192060",Datos!$D$2:$D$94,"2027.M04") -> 0 | K24: =SUM(C24:J24) -> 1278
A25: 4064941200116 | B25: KJ MU FACE ML BRUSH KJCLIP REG IV | C25: =SUMIFS(Datos!$H$2:$H$94,Datos!$B$2:$B$94,"4064941200116",Datos!$D$2:$D$94,"2026.M09") -> 193 | D25: =SUMIFS(Datos!$H$2:$H$94,Datos!$B$2:$B$94,"4064941200116",Datos!$D$2:$D$94,"2026.M10") -> 179 | E25: =SUMIFS(Datos!$H$2:$H$94,Datos!$B$2:$B$94,"4064941200116",Datos!$D$2:$D$94,"2026.M11") -> 266 | F25: =SUMIFS(Datos!$H$2:$H$94,Datos!$B$2:$B$94,"4064941200116",Datos!$D$2:$D$94,"2026.M12") -> 160 | G25: =SUMIFS(Datos!$H$2:$H$94,Datos!$B$2:$B$94,"4064941200116",Datos!$D$2:$D$94,"2027.M01") -> 167 | H25: =SUMIFS(Datos!$H$2:$H$94,Datos!$B$2:$B$94,"4064941200116",Datos!$D$2:$D$94,"2027.M02") -> 150 | I25: =SUMIFS(Datos!$H$2:$H$94,Datos!$B$2:$B$94,"4064941200116",Datos!$D$2:$D$94,"2027.M03") -> 150 | J25: =SUMIFS(Datos!$H$2:$H$94,Datos!$B$2:$B$94,"4064941200116",Datos!$D$2:$D$94,"2027.M04") -> 150 | K25: =SUM(C25:J25) -> 1415
A26: 4064941039662 | B26: KJ MU OTH ACC BRUSH n/a BROW FY21 IV | C26: =SUMIFS(Datos!$H$2:$H$94,Datos!$B$2:$B$94,"4064941039662",Datos!$D$2:$D$94,"2026.M09") -> 0 | D26: =SUMIFS(Datos!$H$2:$H$94,Datos!$B$2:$B$94,"4064941039662",Datos!$D$2:$D$94,"2026.M10") -> 0 | E26: =SUMIFS(Datos!$H$2:$H$94,Datos!$B$2:$B$94,"4064941039662",Datos!$D$2:$D$94,"2026.M11") -> 0 | F26: =SUMIFS(Datos!$H$2:$H$94,Datos!$B$2:$B$94,"4064941039662",Datos!$D$2:$D$94,"2026.M12") -> 0 | G26: =SUMIFS(Datos!$H$2:$H$94,Datos!$B$2:$B$94,"4064941039662",Datos!$D$2:$D$94,"2027.M01") -> 0 | H26: =SUMIFS(Datos!$H$2:$H$94,Datos!$B$2:$B$94,"4064941039662",Datos!$D$2:$D$94,"2027.M02") -> 0 | I26: =SUMIFS(Datos!$H$2:$H$94,Datos!$B$2:$B$94,"4064941039662",Datos!$D$2:$D$94,"2027.M03") -> 0 | J26: =SUMIFS(Datos!$H$2:$H$94,Datos!$B$2:$B$94,"4064941039662",Datos!$D$2:$D$94,"2027.M04") -> 0 | K26: =SUM(C26:J26) -> 0
A27: TOTAL | C27: =SUM(C19:C26) -> 7992 | D27: =SUM(D19:D26) -> 4103 | E27: =SUM(E19:E26) -> 4692 | F27: =SUM(F19:F26) -> 5187 | G27: =SUM(G19:G26) -> 4143 | H27: =SUM(H19:H26) -> 5114 | I27: =SUM(I19:I26) -> 4844 | J27: =SUM(J19:J26) -> 2607 | K27: =SUM(K19:K26) -> 38682
A30: C. Consensus W34 (ciclo pasado)
A31: EAN | B31: Planning Item Description | C31: 2026.M09 | D31: 2026.M10 | E31: 2026.M11 | F31: 2026.M12 | G31: 2027.M01 | H31: 2027.M02 | I31: 2027.M03 | J31: 2027.M04 | K31: Total
A32: 4064941161349 | B32: KJ MU OTH ACC TINT BRUSH PINCEAU 03 IV | C32: =SUMIFS(Datos!$O$2:$O$94,Datos!$B$2:$B$94,"4064941161349",Datos!$D$2:$D$94,"2026.M09") -> 3293 | D32: =SUMIFS(Datos!$O$2:$O$94,Datos!$B$2:$B$94,"4064941161349",Datos!$D$2:$D$94,"2026.M10") -> 2906 | E32: =SUMIFS(Datos!$O$2:$O$94,Datos!$B$2:$B$94,"4064941161349",Datos!$D$2:$D$94,"2026.M11") -> 2391 | F32: =SUMIFS(Datos!$O$2:$O$94,Datos!$B$2:$B$94,"4064941161349",Datos!$D$2:$D$94,"2026.M12") -> 2915 | G32: =SUMIFS(Datos!$O$2:$O$94,Datos!$B$2:$B$94,"4064941161349",Datos!$D$2:$D$94,"2027.M01") -> 2468 | H32: =SUMIFS(Datos!$O$2:$O$94,Datos!$B$2:$B$94,"4064941161349",Datos!$D$2:$D$94,"2027.M02") -> 2409 | I32: =SUMIFS(Datos!$O$2:$O$94,Datos!$B$2:$B$94,"4064941161349",Datos!$D$2:$D$94,"2027.M03") -> 4916 | J32: =SUMIFS(Datos!$O$2:$O$94,Datos!$B$2:$B$94,"4064941161349",Datos!$D$2:$D$94,"2027.M04") -> 2624 | K32: =SUM(C32:J32) -> 23922
A33: 4064941117254 | B33: KJ MU OTH ACC BRUSH CONCE BRUSH IV | C33: =SUMIFS(Datos!$O$2:$O$94,Datos!$B$2:$B$94,"4064941117254",Datos!$D$2:$D$94,"2026.M09") -> 453 | D33: =SUMIFS(Datos!$O$2:$O$94,Datos!$B$2:$B$94,"4064941117254",Datos!$D$2:$D$94,"2026.M10") -> 840 | E33: =SUMIFS(Datos!$O$2:$O$94,Datos!$B$2:$B$94,"4064941117254",Datos!$D$2:$D$94,"2026.M11") -> 437 | F33: =SUMIFS(Datos!$O$2:$O$94,Datos!$B$2:$B$94,"4064941117254",Datos!$D$2:$D$94,"2026.M12") -> 302 | G33: =SUMIFS(Datos!$O$2:$O$94,Datos!$B$2:$B$94,"4064941117254",Datos!$D$2:$D$94,"2027.M01") -> 454 | H33: =SUMIFS(Datos!$O$2:$O$94,Datos!$B$2:$B$94,"4064941117254",Datos!$D$2:$D$94,"2027.M02") -> 1887 | I33: =SUMIFS(Datos!$O$2:$O$94,Datos!$B$2:$B$94,"4064941117254",Datos!$D$2:$D$94,"2027.M03") -> 827 | J33: =SUMIFS(Datos!$O$2:$O$94,Datos!$B$2:$B$94,"4064941117254",Datos!$D$2:$D$94,"2027.M04") -> 327 | K33: =SUM(C33:J33) -> 5527
A34: 4064941117261 | B34: KJ MU OTH ACC RG BRUSH FOUND 23IV | C34: =SUMIFS(Datos!$O$2:$O$94,Datos!$B$2:$B$94,"4064941117261",Datos!$D$2:$D$94,"2026.M09") -> 142 | D34: =SUMIFS(Datos!$O$2:$O$94,Datos!$B$2:$B$94,"4064941117261",Datos!$D$2:$D$94,"2026.M10") -> 146 | E34: =SUMIFS(Datos!$O$2:$O$94,Datos!$B$2:$B$94,"4064941117261",Datos!$D$2:$D$94,"2026.M11") -> 132 | F34: =SUMIFS(Datos!$O$2:$O$94,Datos!$B$2:$B$94,"4064941117261",Datos!$D$2:$D$94,"2026.M12") -> 146 | G34: =SUMIFS(Datos!$O$2:$O$94,Datos!$B$2:$B$94,"4064941117261",Datos!$D$2:$D$94,"2027.M01") -> 133 | H34: =SUMIFS(Datos!$O$2:$O$94,Datos!$B$2:$B$94,"4064941117261",Datos!$D$2:$D$94,"2027.M02") -> 156 | I34: =SUMIFS(Datos!$O$2:$O$94,Datos!$B$2:$B$94,"4064941117261",Datos!$D$2:$D$94,"2027.M03") -> 160 | J34: =SUMIFS(Datos!$O$2:$O$94,Datos!$B$2:$B$94,"4064941117261",Datos!$D$2:$D$94,"2027.M04") -> 129 | K34: =SUM(C34:J34) -> 1144
A35: 4064941039655 | B35: KJ MU OTH ACC PENC SHARP n/a FY21 IV | C35: =SUMIFS(Datos!$O$2:$O$94,Datos!$B$2:$B$94,"4064941039655",Datos!$D$2:$D$94,"2026.M09") -> 116 | D35: =SUMIFS(Datos!$O$2:$O$94,Datos!$B$2:$B$94,"4064941039655",Datos!$D$2:$D$94,"2026.M10") -> 116 | E35: =SUMIFS(Datos!$O$2:$O$94,Datos!$B$2:$B$94,"4064941039655",Datos!$D$2:$D$94,"2026.M11") -> 112 | F35: =SUMIFS(Datos!$O$2:$O$94,Datos!$B$2:$B$94,"4064941039655",Datos!$D$2:$D$94,"2026.M12") -> 120 | G35: =SUMIFS(Datos!$O$2:$O$94,Datos!$B$2:$B$94,"4064941039655",Datos!$D$2:$D$94,"2027.M01") -> 107 | H35: =SUMIFS(Datos!$O$2:$O$94,Datos!$B$2:$B$94,"4064941039655",Datos!$D$2:$D$94,"2027.M02") -> 128 | I35: =SUMIFS(Datos!$O$2:$O$94,Datos!$B$2:$B$94,"4064941039655",Datos!$D$2:$D$94,"2027.M03") -> 129 | J35: =SUMIFS(Datos!$O$2:$O$94,Datos!$B$2:$B$94,"4064941039655",Datos!$D$2:$D$94,"2027.M04") -> 107 | K35: =SUM(C35:J35) -> 935
A36: 4064941192046 | B36: KJ MU FACE ML UNVL BLSH PINCEAU04 IV | C36: =SUMIFS(Datos!$O$2:$O$94,Datos!$B$2:$B$94,"4064941192046",Datos!$D$2:$D$94,"2026.M09") -> 2000 | D36: =SUMIFS(Datos!$O$2:$O$94,Datos!$B$2:$B$94,"4064941192046",Datos!$D$2:$D$94,"2026.M10") -> 1000 | E36: =SUMIFS(Datos!$O$2:$O$94,Datos!$B$2:$B$94,"4064941192046",Datos!$D$2:$D$94,"2026.M11") -> 750 | F36: =SUMIFS(Datos!$O$2:$O$94,Datos!$B$2:$B$94,"4064941192046",Datos!$D$2:$D$94,"2026.M12") -> 750 | G36: =SUMIFS(Datos!$O$2:$O$94,Datos!$B$2:$B$94,"4064941192046",Datos!$D$2:$D$94,"2027.M01") -> 500 | H36: =SUMIFS(Datos!$O$2:$O$94,Datos!$B$2:$B$94,"4064941192046",Datos!$D$2:$D$94,"2027.M02") -> 500 | I36: =SUMIFS(Datos!$O$2:$O$94,Datos!$B$2:$B$94,"4064941192046",Datos!$D$2:$D$94,"2027.M03") -> 500 | J36: =SUMIFS(Datos!$O$2:$O$94,Datos!$B$2:$B$94,"4064941192046",Datos!$D$2:$D$94,"2027.M04") -> 500 | K36: =SUM(C36:J36) -> 6500
A37: 4064941192060 | B37: KJ MU FACE ML BRUSH PRS SCLP CMPLN 05 IV | C37: =SUMIFS(Datos!$O$2:$O$94,Datos!$B$2:$B$94,"4064941192060",Datos!$D$2:$D$94,"2026.M09") -> 212 | D37: =SUMIFS(Datos!$O$2:$O$94,Datos!$B$2:$B$94,"4064941192060",Datos!$D$2:$D$94,"2026.M10") -> 217 | E37: =SUMIFS(Datos!$O$2:$O$94,Datos!$B$2:$B$94,"4064941192060",Datos!$D$2:$D$94,"2026.M11") -> 212 | F37: =SUMIFS(Datos!$O$2:$O$94,Datos!$B$2:$B$94,"4064941192060",Datos!$D$2:$D$94,"2026.M12") -> 194 | G37: =SUMIFS(Datos!$O$2:$O$94,Datos!$B$2:$B$94,"4064941192060",Datos!$D$2:$D$94,"2027.M01") -> 194 | H37: =SUMIFS(Datos!$O$2:$O$94,Datos!$B$2:$B$94,"4064941192060",Datos!$D$2:$D$94,"2027.M02") -> 200 | I37: =SUMIFS(Datos!$O$2:$O$94,Datos!$B$2:$B$94,"4064941192060",Datos!$D$2:$D$94,"2027.M03") -> 49 | J37: =SUMIFS(Datos!$O$2:$O$94,Datos!$B$2:$B$94,"4064941192060",Datos!$D$2:$D$94,"2027.M04") -> 0 | K37: =SUM(C37:J37) -> 1278
A38: 4064941200116 | B38: KJ MU FACE ML BRUSH KJCLIP REG IV | C38: =SUMIFS(Datos!$O$2:$O$94,Datos!$B$2:$B$94,"4064941200116",Datos!$D$2:$D$94,"2026.M09") -> 193 | D38: =SUMIFS(Datos!$O$2:$O$94,Datos!$B$2:$B$94,"4064941200116",Datos!$D$2:$D$94,"2026.M10") -> 179 | E38: =SUMIFS(Datos!$O$2:$O$94,Datos!$B$2:$B$94,"4064941200116",Datos!$D$2:$D$94,"2026.M11") -> 266 | F38: =SUMIFS(Datos!$O$2:$O$94,Datos!$B$2:$B$94,"4064941200116",Datos!$D$2:$D$94,"2026.M12") -> 160 | G38: =SUMIFS(Datos!$O$2:$O$94,Datos!$B$2:$B$94,"4064941200116",Datos!$D$2:$D$94,"2027.M01") -> 167 | H38: =SUMIFS(Datos!$O$2:$O$94,Datos!$B$2:$B$94,"4064941200116",Datos!$D$2:$D$94,"2027.M02") -> 150 | I38: =SUMIFS(Datos!$O$2:$O$94,Datos!$B$2:$B$94,"4064941200116",Datos!$D$2:$D$94,"2027.M03") -> 150 | J38: =SUMIFS(Datos!$O$2:$O$94,Datos!$B$2:$B$94,"4064941200116",Datos!$D$2:$D$94,"2027.M04") -> 150 | K38: =SUM(C38:J38) -> 1415
A39: 4064941039662 | B39: KJ MU OTH ACC BRUSH n/a BROW FY21 IV | C39: =SUMIFS(Datos!$O$2:$O$94,Datos!$B$2:$B$94,"4064941039662",Datos!$D$2:$D$94,"2026.M09") -> 0 | D39: =SUMIFS(Datos!$O$2:$O$94,Datos!$B$2:$B$94,"4064941039662",Datos!$D$2:$D$94,"2026.M10") -> 0 | E39: =SUMIFS(Datos!$O$2:$O$94,Datos!$B$2:$B$94,"4064941039662",Datos!$D$2:$D$94,"2026.M11") -> 0 | F39: =SUMIFS(Datos!$O$2:$O$94,Datos!$B$2:$B$94,"4064941039662",Datos!$D$2:$D$94,"2026.M12") -> 0 | G39: =SUMIFS(Datos!$O$2:$O$94,Datos!$B$2:$B$94,"4064941039662",Datos!$D$2:$D$94,"2027.M01") -> 0 | H39: =SUMIFS(Datos!$O$2:$O$94,Datos!$B$2:$B$94,"4064941039662",Datos!$D$2:$D$94,"2027.M02") -> 0 | I39: =SUMIFS(Datos!$O$2:$O$94,Datos!$B$2:$B$94,"4064941039662",Datos!$D$2:$D$94,"2027.M03") -> 0 | J39: =SUMIFS(Datos!$O$2:$O$94,Datos!$B$2:$B$94,"4064941039662",Datos!$D$2:$D$94,"2027.M04") -> 0 | K39: =SUM(C39:J39) -> 0
A40: TOTAL | C40: =SUM(C32:C39) -> 6409 | D40: =SUM(D32:D39) -> 5404 | E40: =SUM(E32:E39) -> 4300 | F40: =SUM(F32:F39) -> 4587 | G40: =SUM(G32:G39) -> 4023 | H40: =SUM(H32:H39) -> 5430 | I40: =SUM(I32:I39) -> 6731 | J40: =SUM(J32:J39) -> 3837 | K40: =SUM(K32:K39) -> 40721
A43: D. Consensus - Final LY M (ano pasado)
A44: EAN | B44: Planning Item Description | C44: 2026.M09 | D44: 2026.M10 | E44: 2026.M11 | F44: 2026.M12 | G44: 2027.M01 | H44: 2027.M02 | I44: 2027.M03 | J44: 2027.M04 | K44: Total
A45: 4064941161349 | B45: KJ MU OTH ACC TINT BRUSH PINCEAU 03 IV | C45: =SUMIFS(Datos!$T$2:$T$94,Datos!$B$2:$B$94,"4064941161349",Datos!$D$2:$D$94,"2026.M09") -> 3351 | D45: =SUMIFS(Datos!$T$2:$T$94,Datos!$B$2:$B$94,"4064941161349",Datos!$D$2:$D$94,"2026.M10") -> 4845 | E45: =SUMIFS(Datos!$T$2:$T$94,Datos!$B$2:$B$94,"4064941161349",Datos!$D$2:$D$94,"2026.M11") -> 2549 | F45: =SUMIFS(Datos!$T$2:$T$94,Datos!$B$2:$B$94,"4064941161349",Datos!$D$2:$D$94,"2026.M12") -> 2772 | G45: =SUMIFS(Datos!$T$2:$T$94,Datos!$B$2:$B$94,"4064941161349",Datos!$D$2:$D$94,"2027.M01") -> 3464 | H45: =SUMIFS(Datos!$T$2:$T$94,Datos!$B$2:$B$94,"4064941161349",Datos!$D$2:$D$94,"2027.M02") -> 3102 | I45: =SUMIFS(Datos!$T$2:$T$94,Datos!$B$2:$B$94,"4064941161349",Datos!$D$2:$D$94,"2027.M03") -> 5014 | J45: =SUMIFS(Datos!$T$2:$T$94,Datos!$B$2:$B$94,"4064941161349",Datos!$D$2:$D$94,"2027.M04") -> 2447 | K45: =SUM(C45:J45) -> 27544
A46: 4064941117254 | B46: KJ MU OTH ACC BRUSH CONCE BRUSH IV | C46: =SUMIFS(Datos!$T$2:$T$94,Datos!$B$2:$B$94,"4064941117254",Datos!$D$2:$D$94,"2026.M09") -> 672 | D46: =SUMIFS(Datos!$T$2:$T$94,Datos!$B$2:$B$94,"4064941117254",Datos!$D$2:$D$94,"2026.M10") -> 741 | E46: =SUMIFS(Datos!$T$2:$T$94,Datos!$B$2:$B$94,"4064941117254",Datos!$D$2:$D$94,"2026.M11") -> 388 | F46: =SUMIFS(Datos!$T$2:$T$94,Datos!$B$2:$B$94,"4064941117254",Datos!$D$2:$D$94,"2026.M12") -> 429 | G46: =SUMIFS(Datos!$T$2:$T$94,Datos!$B$2:$B$94,"4064941117254",Datos!$D$2:$D$94,"2027.M01") -> 714 | H46: =SUMIFS(Datos!$T$2:$T$94,Datos!$B$2:$B$94,"4064941117254",Datos!$D$2:$D$94,"2027.M02") -> 2665 | I46: =SUMIFS(Datos!$T$2:$T$94,Datos!$B$2:$B$94,"4064941117254",Datos!$D$2:$D$94,"2027.M03") -> 1419 | J46: =SUMIFS(Datos!$T$2:$T$94,Datos!$B$2:$B$94,"4064941117254",Datos!$D$2:$D$94,"2027.M04") -> 296 | K46: =SUM(C46:J46) -> 7324
A47: 4064941117261 | B47: KJ MU OTH ACC RG BRUSH FOUND 23IV | C47: =SUMIFS(Datos!$T$2:$T$94,Datos!$B$2:$B$94,"4064941117261",Datos!$D$2:$D$94,"2026.M09") -> 213 | D47: =SUMIFS(Datos!$T$2:$T$94,Datos!$B$2:$B$94,"4064941117261",Datos!$D$2:$D$94,"2026.M10") -> 113 | E47: =SUMIFS(Datos!$T$2:$T$94,Datos!$B$2:$B$94,"4064941117261",Datos!$D$2:$D$94,"2026.M11") -> 119 | F47: =SUMIFS(Datos!$T$2:$T$94,Datos!$B$2:$B$94,"4064941117261",Datos!$D$2:$D$94,"2026.M12") -> 129 | G47: =SUMIFS(Datos!$T$2:$T$94,Datos!$B$2:$B$94,"4064941117261",Datos!$D$2:$D$94,"2027.M01") -> 103 | H47: =SUMIFS(Datos!$T$2:$T$94,Datos!$B$2:$B$94,"4064941117261",Datos!$D$2:$D$94,"2027.M02") -> 220 | I47: =SUMIFS(Datos!$T$2:$T$94,Datos!$B$2:$B$94,"4064941117261",Datos!$D$2:$D$94,"2027.M03") -> 110 | J47: =SUMIFS(Datos!$T$2:$T$94,Datos!$B$2:$B$94,"4064941117261",Datos!$D$2:$D$94,"2027.M04") -> 66 | K47: =SUM(C47:J47) -> 1073
A48: 4064941039655 | B48: KJ MU OTH ACC PENC SHARP n/a FY21 IV | C48: =SUMIFS(Datos!$T$2:$T$94,Datos!$B$2:$B$94,"4064941039655",Datos!$D$2:$D$94,"2026.M09") -> 336 | D48: =SUMIFS(Datos!$T$2:$T$94,Datos!$B$2:$B$94,"4064941039655",Datos!$D$2:$D$94,"2026.M10") -> 11 | E48: =SUMIFS(Datos!$T$2:$T$94,Datos!$B$2:$B$94,"4064941039655",Datos!$D$2:$D$94,"2026.M11") -> 47 | F48: =SUMIFS(Datos!$T$2:$T$94,Datos!$B$2:$B$94,"4064941039655",Datos!$D$2:$D$94,"2026.M12") -> 456 | G48: =SUMIFS(Datos!$T$2:$T$94,Datos!$B$2:$B$94,"4064941039655",Datos!$D$2:$D$94,"2027.M01") -> 0 | H48: =SUMIFS(Datos!$T$2:$T$94,Datos!$B$2:$B$94,"4064941039655",Datos!$D$2:$D$94,"2027.M02") -> 753 | I48: =SUMIFS(Datos!$T$2:$T$94,Datos!$B$2:$B$94,"4064941039655",Datos!$D$2:$D$94,"2027.M03") -> 139 | J48: =SUMIFS(Datos!$T$2:$T$94,Datos!$B$2:$B$94,"4064941039655",Datos!$D$2:$D$94,"2027.M04") -> 143 | K48: =SUM(C48:J48) -> 1885
A49: 4064941192046 | B49: KJ MU FACE ML UNVL BLSH PINCEAU04 IV | C49: =SUMIFS(Datos!$T$2:$T$94,Datos!$B$2:$B$94,"4064941192046",Datos!$D$2:$D$94,"2026.M09") -> 960 | D49: =SUMIFS(Datos!$T$2:$T$94,Datos!$B$2:$B$94,"4064941192046",Datos!$D$2:$D$94,"2026.M10") -> 120 | E49: =SUMIFS(Datos!$T$2:$T$94,Datos!$B$2:$B$94,"4064941192046",Datos!$D$2:$D$94,"2026.M11") -> 50 | F49: =SUMIFS(Datos!$T$2:$T$94,Datos!$B$2:$B$94,"4064941192046",Datos!$D$2:$D$94,"2026.M12") -> 3 | G49: =SUMIFS(Datos!$T$2:$T$94,Datos!$B$2:$B$94,"4064941192046",Datos!$D$2:$D$94,"2027.M01") -> 1 | H49: =SUMIFS(Datos!$T$2:$T$94,Datos!$B$2:$B$94,"4064941192046",Datos!$D$2:$D$94,"2027.M02") -> 7265 | I49: =SUMIFS(Datos!$T$2:$T$94,Datos!$B$2:$B$94,"4064941192046",Datos!$D$2:$D$94,"2027.M03") -> 147 | J49: =SUMIFS(Datos!$T$2:$T$94,Datos!$B$2:$B$94,"4064941192046",Datos!$D$2:$D$94,"2027.M04") -> 25 | K49: =SUM(C49:J49) -> 8571
A50: 4064941192060 | B50: KJ MU FACE ML BRUSH PRS SCLP CMPLN 05 IV | C50: =SUMIFS(Datos!$T$2:$T$94,Datos!$B$2:$B$94,"4064941192060",Datos!$D$2:$D$94,"2026.M09") -> 0 | D50: =SUMIFS(Datos!$T$2:$T$94,Datos!$B$2:$B$94,"4064941192060",Datos!$D$2:$D$94,"2026.M10") -> 0 | E50: =SUMIFS(Datos!$T$2:$T$94,Datos!$B$2:$B$94,"4064941192060",Datos!$D$2:$D$94,"2026.M11") -> 0 | F50: =SUMIFS(Datos!$T$2:$T$94,Datos!$B$2:$B$94,"4064941192060",Datos!$D$2:$D$94,"2026.M12") -> 0 | G50: =SUMIFS(Datos!$T$2:$T$94,Datos!$B$2:$B$94,"4064941192060",Datos!$D$2:$D$94,"2027.M01") -> 0 | H50: =SUMIFS(Datos!$T$2:$T$94,Datos!$B$2:$B$94,"4064941192060",Datos!$D$2:$D$94,"2027.M02") -> 0 | I50: =SUMIFS(Datos!$T$2:$T$94,Datos!$B$2:$B$94,"4064941192060",Datos!$D$2:$D$94,"2027.M03") -> 0 | J50: =SUMIFS(Datos!$T$2:$T$94,Datos!$B$2:$B$94,"4064941192060",Datos!$D$2:$D$94,"2027.M04") -> 320 | K50: =SUM(C50:J50) -> 320
A51: 4064941200116 | B51: KJ MU FACE ML BRUSH KJCLIP REG IV | C51: =SUMIFS(Datos!$T$2:$T$94,Datos!$B$2:$B$94,"4064941200116",Datos!$D$2:$D$94,"2026.M09") -> 0 | D51: =SUMIFS(Datos!$T$2:$T$94,Datos!$B$2:$B$94,"4064941200116",Datos!$D$2:$D$94,"2026.M10") -> 0 | E51: =SUMIFS(Datos!$T$2:$T$94,Datos!$B$2:$B$94,"4064941200116",Datos!$D$2:$D$94,"2026.M11") -> 0 | F51: =SUMIFS(Datos!$T$2:$T$94,Datos!$B$2:$B$94,"4064941200116",Datos!$D$2:$D$94,"2026.M12") -> 0 | G51: =SUMIFS(Datos!$T$2:$T$94,Datos!$B$2:$B$94,"4064941200116",Datos!$D$2:$D$94,"2027.M01") -> 0 | H51: =SUMIFS(Datos!$T$2:$T$94,Datos!$B$2:$B$94,"4064941200116",Datos!$D$2:$D$94,"2027.M02") -> 9563 | I51: =SUMIFS(Datos!$T$2:$T$94,Datos!$B$2:$B$94,"4064941200116",Datos!$D$2:$D$94,"2027.M03") -> 19 | J51: =SUMIFS(Datos!$T$2:$T$94,Datos!$B$2:$B$94,"4064941200116",Datos!$D$2:$D$94,"2027.M04") -> 0 | K51: =SUM(C51:J51) -> 9582
A52: 4064941039662 | B52: KJ MU OTH ACC BRUSH n/a BROW FY21 IV | C52: =SUMIFS(Datos!$T$2:$T$94,Datos!$B$2:$B$94,"4064941039662",Datos!$D$2:$D$94,"2026.M09") -> 20 | D52: =SUMIFS(Datos!$T$2:$T$94,Datos!$B$2:$B$94,"4064941039662",Datos!$D$2:$D$94,"2026.M10") -> 5 | E52: =SUMIFS(Datos!$T$2:$T$94,Datos!$B$2:$B$94,"4064941039662",Datos!$D$2:$D$94,"2026.M11") -> 44 | F52: =SUMIFS(Datos!$T$2:$T$94,Datos!$B$2:$B$94,"4064941039662",Datos!$D$2:$D$94,"2026.M12") -> 10 | G52: =SUMIFS(Datos!$T$2:$T$94,Datos!$B$2:$B$94,"4064941039662",Datos!$D$2:$D$94,"2027.M01") -> 7 | H52: =SUMIFS(Datos!$T$2:$T$94,Datos!$B$2:$B$94,"4064941039662",Datos!$D$2:$D$94,"2027.M02") -> 21 | I52: =SUMIFS(Datos!$T$2:$T$94,Datos!$B$2:$B$94,"4064941039662",Datos!$D$2:$D$94,"2027.M03") -> 31 | J52: =SUMIFS(Datos!$T$2:$T$94,Datos!$B$2:$B$94,"4064941039662",Datos!$D$2:$D$94,"2027.M04") -> 1 | K52: =SUM(C52:J52) -> 139
A53: TOTAL | C53: =SUM(C45:C52) -> 5552 | D53: =SUM(D45:D52) -> 5835 | E53: =SUM(E45:E52) -> 3197 | F53: =SUM(F45:F52) -> 3799 | G53: =SUM(G45:G52) -> 4289 | H53: =SUM(H45:H52) -> 23589 | I53: =SUM(I45:I52) -> 6879 | J53: =SUM(J45:J52) -> 3298 | K53: =SUM(K45:K52) -> 56438

Sheet Alertas
A1: Alertas y puntos a revisar
A2: Ordenadas por impacto en unidades sobre el horizonte M09-M04.
A4: # | B4: Prioridad | C4: EAN | D4: Codigo | E4: Hallazgo | F4: Impacto (u) | G4: Accion sugerida
A5: 1 | B5: Alta | C5: 4064941192046 | D5: KJ MU FACE ML UNVL BLSH PINCEAU04 IV | E5: El System FC subio de 4.233 a 11.105 u (+162%) pero la linea esta en Ignore System FC = 2, asi que el consensus se quedo clavado en 6.500 u de Total Demand Assumption. El sistema ve 4,6K u mas de las que comprometemos. | F5: =P5 -> 4610 | G5: Revisar si el TDA de 6.500 sigue vigente o si hay que soltar el System FC. Es el mayor upside sin capturar del scope. | P5: =SUMIFS(Datos!$I$2:$I$94,Datos!$B$2:$B$94,"4064941192046",Datos!$F$2:$F$94,1)-SUMIFS(Datos!$H$2:$H$94,Datos!$B$2:$B$94,"4064941192046",Datos!$F$2:$F$94,1) -> 4610
A6: 2 | B6: Alta | C6: 4064941161349 | D6: KJ MU OTH ACC TINT BRUSH PINCEAU 03 IV | E6: Unico driver del descenso neto del ciclo: -2.508 u (-10%). Ademas se re-faseo fuerte dentro del horizonte (Sep +864, Oct -962, Mar -1.905, Abr -1.223). Se retiraron todos los ajustes manuales (RA +2.000 Dic/Ene, TDA -173/mes). | F6: =P6 -> -2508 | G6: Confirmar que la limpieza de capas fue intencional. Este codigo solo es el 55% del libro y el 123% del descenso neto del ciclo. | P6: =SUMIFS(Datos!$H$2:$H$94,Datos!$B$2:$B$94,"4064941161349",Datos!$F$2:$F$94,1)-SUMIFS(Datos!$O$2:$O$94,Datos!$B$2:$B$94,"4064941161349",Datos!$F$2:$F$94,1) -> -2508
A7: 3 | B7: Media | C7: 4064941192060 | D7: KJ MU FACE ML BRUSH PRS SCLP CMPLN 05 IV | E7: El System FC se fue de 5.777 u a 0 en todo el horizonte. El consensus no se movio (linea manual) pero termina en 2027.M03: no hay numero de Abr-27 en adelante, y LY si tenia 320 u en Abr. | F7: =P7 -> -5777 | G7: Confirmar si es descontinuacion (correcto) o hueco de mantenimiento (hay que extender el forecast). | P7: =SUMIFS(Datos!$I$2:$I$94,Datos!$B$2:$B$94,"4064941192060",Datos!$F$2:$F$94,1)-SUMIFS(Datos!$P$2:$P$94,Datos!$B$2:$B$94,"4064941192060",Datos!$F$2:$F$94,1) -> -5777
A8: 4 | B8: Media | C8: 4064941117254 | D8: KJ MU OTH ACC BRUSH CONCE BRUSH IV | E8: Neto casi plano (+342 u) pero con el mayor re-faseo relativo del scope: Sep +544, Dic +542, Oct -277, Feb -1.007. | F8: =P8 -> 2916 | G8: Validar con el cliente el timing de Feb-27: es la caida mas grande y no tiene ajuste manual detras. | P8: =SUMPRODUCT(ABS('EAN x Mes'!C7:J7)) -> 2916
A9: 5 | B9: Media | C9: 4064941200116 | D9: KJ MU FACE ML BRUSH KJCLIP REG IV | E9: El System FC cayo de 1.706 a 29 u. Sin impacto en consensus (linea manual, TDA -4.500 y capa residual +5.886). YoY -85% por el pipe-fill de 9.563 u en Feb-26. | F9: =P9 -> -1677 | G9: La estructura de capas de este codigo es ilegible: TDA negativo grande compensado por una capa que no viene en el extract. Pedir el desglose completo. | P9: =SUMIFS(Datos!$I$2:$I$94,Datos!$B$2:$B$94,"4064941200116",Datos!$F$2:$F$94,1)-SUMIFS(Datos!$P$2:$P$94,Datos!$B$2:$B$94,"4064941200116",Datos!$F$2:$F$94,1) -> -1677
A10: 6 | B10: Baja | C10: 4064941039662 | D10: KJ MU OTH ACC BRUSH n/a BROW FY21 IV | E10: Unico EAN de la product line Kylie Eye Brushes. Consensus = 0 en W34 y en W35, pero LY tenia 139 u en el horizonte. No hay System FC ni capas manuales. | F10: =P10 -> -139 | G10: Confirmar descontinuacion y sacar la product line del scope, o levantar el forecast si sigue viva. | P10: =-SUMIFS(Datos!$T$2:$T$94,Datos!$B$2:$B$94,"4064941039662",Datos!$F$2:$F$94,1) -> -139
A11: 7 | B11: Metodo | C11: - | D11: Todo el scope | E11: La comparacion vs LY del total (-31,5%) esta dominada por Feb-26: 23.589 u contra ~5K de un mes normal, con 16,8K u en dos brochas que hicieron pipe-fill. Sin ese mes el scope esta en +2,2% vs LY. | F11: =P11 -> -17756 | G11: Presentar el YoY siempre ex-Feb, o marcar Feb-26 como excepcion en la lamina. Si no, la conclusion es falsa. | P11: =SUMIFS(Datos!$H$2:$H$94,Datos!$F$2:$F$94,1)-SUMIFS(Datos!$T$2:$T$94,Datos!$F$2:$F$94,1) -> -17756
A12: 8 | B12: Metodo | C12: - | D12: Todo el scope | E12: El Consensus - Final no cuadra con la suma de capas extraidas: faltan Initiative Forecast y Prometheus Fcst Consensus. El residual explica +1.461 u del delta del ciclo. | F12: =P12 -> 884 | G12: Pedir a O9 el extract con todas las capas para poder atribuir el cambio al 100%. | P12: =(SUMIFS(Datos!$H$2:$H$94,Datos!$G$2:$G$94,"Sistema",Datos!$F$2:$F$94,1)-SUMIFS(Datos!$I$2:$I$94,Datos!$G$2:$G$94,"Sistema",Datos!$F$2:$F$94,1)-SUMIFS(Datos!$J$2:$J$94,Datos!$G$2:$G$94,"Sistema",Datos!$F$2:$F$94,1)-SUMIFS(Datos!$K$2:$K$94,Datos!$G$2:$G$94,"Sistema",Datos!$F$2:$F$94,1))-(SUMIFS(Datos!$O$2:$O$94,Datos!$G$2:$G$94,"Sistema",Datos!$F$2:$F$94,1)-SUMIFS(Datos!$P$2:$P$94,Datos!$G$2:$G$94,"Sistema",Datos!$F$2:$F$94,1)-SUMIFS(Datos!$Q$2:$Q$94,Datos!$G$2:$G$94,"Sistema",Datos!$F$2:$F$94,1)-SUMIFS(Datos!$R$2:$R$94,Datos!$G$2:$G$94,"Sistema",Datos!$F$2:$F$94,1)) -> 884
A14: Columna P: celdas auxiliares que alimentan "Impacto (u)". No borrar.
A15: Impacto (u): fila 1 = gap System FC vs consensus; fila 2 = delta de consensus vs ciclo pasado; filas 3 y 5 = delta de System FC; fila 4 = movimiento bruto entre meses; fila 6 = volumen LY sin forecast; fila 7 = delta vs LY del scope; fila 8 = parte del delta del ciclo que no explican las capas extraidas.

Sheet Notas
A1: Alcance, metodo y advertencias
B4: ALCANCE DEL ARCHIVO
B5: Que trae el extract | C5: handover W35.xlsx contiene 3 product lines y 8 EAN, todos brochas y accesorios de Kylie MU: Accesories (00006010), Face Multi (00006011) y Kylie Eye Brushes (00006121). 93 filas EAN x mes.
B6: ADVERTENCIA - lee esto primero | C6: Este NO es el scope completo de la casa Kylie. No hay Skin Tint, ni Lip, ni el resto del maquillaje: solo el bloque de brochas y accesorios, 38,7K u en el horizonte. Todo lo que dice este workbook es cierto para ese bloque y no se puede extrapolar a Kylie MU total. Para la presentacion hace falta re-exportar el handover sin filtro de product line (misma plantilla de dos vistas + Consensus - Final LY M).
B7: Reproducible | C7: analysis/handover_w35/build_workbook.py regenera este archivo. Basta con reemplazar handover W35.xlsx por el extract completo y volver a correrlo: todas las hojas escalan solas.
B9: DEFINICIONES
B10: W35 / este ciclo | C10: Bloque de columnas con fila A = CurrentWorkingView.
B11: W34 / ciclo pasado | C11: Bloque de columnas con fila A = Month-2026.M08.W34(Recovered).
B12: LY | C12: Medida Consensus - Final LY M. Como O9 sobreescribe la historia al cerrar el mes, en meses cerrados esa medida equivale al actual del ano pasado.
B13: Horizonte de foco | C13: 2026.M09 a 2027.M04, 8 meses, segun lo pedido. El extract cubre 2026.M07 a 2027.M06; M07 esta cerrado y M08 sigue facturando, por eso quedan fuera (hoja Por Mes los muestra como contexto).
B14: Unidades | C14: Todo el workbook esta en unidades. El extract no trae valor.
B15: Modo forecast | C15: Ignore System Forecast Flag = 2 significa que el consensus NO toma el System FC. 3 de los 8 EAN estan asi (toda la product line Face Multi, 24% del libro). En esas lineas el System FC puede moverse muchisimo sin que el numero comprometido cambie.
B16: Otras capas / residual | C16: El extract trae System FC, Reasonability Adjustment y Total Demand Assumption, pero no Initiative Forecast ni Prometheus Fcst Consensus. Por eso el Consensus - Final no cuadra con la suma de capas y aparece un residual. Es el mismo gap documentado en CONTEXTO-DATOS.md seccion 6.
B18: COMO LEER LOS NUMEROS
B19: Delta vs LC | C19: W35 menos W34. Positivo = subimos el compromiso a supply respecto del ciclo pasado.
B20: Delta vs LY | C20: W35 menos Consensus - Final LY M. Ojo con 2027.M02: ver la siguiente nota.
B21: El one-off de Feb-26 | C21: LY de 2027.M02 vale 23.589 u contra ~5K de un mes normal. Son dos brochas que hicieron pipe-fill en Feb-26: KJCLIP REG 9.563 u y UNVL BLSH PINCEAU04 7.265 u. Ese unico mes convierte un scope que esta en +2,2% vs LY en un -31,5%. Presentar siempre el YoY ex-Feb, o marcar el mes como excepcion.
B22: Neto vs bruto | C22: El cambio neto del ciclo son -2.039 u, pero el movimiento bruto entre meses son 7.429 u (3,6x) y a nivel EAN x mes son 9.163 u. El mensaje no es "bajamos 5%", es "re-faseamos el libro".
B23: No se puede medir accuracy | C23: Con estos datos no se puede calcular MAPE ni BIAS: O9 sobreescribe el forecast con el actual al cerrar el mes. Haria falta el extract con fotos a lag-1 y lag-3.
B25: FUENTE
B26: Archivo | C26: handover W35.xlsx (repo germanach96/DP), extraccion O9, hoja Sheet1.
B27: Contexto de negocio | C27: CONTEXTO-DATOS.md (repo germanach96/DP).
B28: Trimestres fiscales | C28: FY de julio a junio. FY27 Q1 = Jul-Sep 26, Q2 = Oct-Dic 26, Q3 = Ene-Mar 27, Q4 = Abr-Jun 27. Dentro del horizonte, Q1 solo aporta Sep y Q4 solo aporta Abr.

Sheet Datos
A1: Product Line | B1: EAN | C1: Planning Item Description | D1: Mes | E1: Trimestre FY | F1: En Horizonte | G1: Modo forecast | H1: W35 Consensus | I1: W35 System FC | J1: W35 Reasonability Adj | K1: W35 Total Dem. Assumption | L1: W35 Ignore SysFC Flag | M1: W35 EPOS | N1: W35 Supply Cuts | O1: W34 Consensus | P1: W34 System FC | Q1: W34 Reasonability Adj | R1: W34 Total Dem. Assumption | S1: W34 Ignore SysFC Flag | T1: Consensus Final LY M | U1: Delta vs LC (u) | V1: Delta vs LY (u)
A2: Accesories (00006010) | B2: 4064941039655 | C2: KJ MU OTH ACC PENC SHARP n/a FY21 IV | D2: 2026.M07 | E2: FY26 Q4 | F2: 0 | G2: Sistema | H2: 239 | I2: 239 | J2: 0 | K2: 0 | L2: 0 | M2: 168 | N2: 0 | O2: 239 | P2: 239 | Q2: 0 | R2: 0 | S2: 0 | T2: 279 | U2: =H2-O2 -> 0 | V2: =H2-T2 -> -40
A3: Accesories (00006010) | B3: 4064941039655 | C3: KJ MU OTH ACC PENC SHARP n/a FY21 IV | D3: 2026.M08 | E3: FY27 Q1 | F3: 0 | G3: Sistema | H3: 122 | I3: 122 | J3: 0 | K3: 0 | L3: 0 | M3: 0 | N3: 0 | O3: 154 | P3: 113 | Q3: 0 | R3: 0 | S3: 0 | T3: 533 | U3: =H3-O3 -> -32 | V3: =H3-T3 -> -411
A4: Accesories (00006010) | B4: 4064941039655 | C4: KJ MU OTH ACC PENC SHARP n/a FY21 IV | D4: 2026.M09 | E4: FY27 Q1 | F4: 1 | G4: Sistema | H4: 193 | I4: 181 | J4: 0 | K4: 0 | L4: 0 | M4: 0 | N4: 0 | O4: 116 | P4: 116 | Q4: 0 | R4: 0 | S4: 0 | T4: 336 | U4: =H4-O4 -> 77 | V4: =H4-T4 -> -143
A5: Accesories (00006010) | B5: 4064941039655 | C5: KJ MU OTH ACC PENC SHARP n/a FY21 IV | D5: 2026.M10 | E5: FY27 Q2 | F5: 1 | G5: Sistema | H5: 88 | I5: 88 | J5: 0 | K5: 0 | L5: 0 | M5: 0 | N5: 0 | O5: 116 | P5: 116 | Q5: 0 | R5: 0 | S5: 0 | T5: 11 | U5: =H5-O5 -> -28 | V5: =H5-T5 -> 77
A6: Accesories (00006010) | B6: 4064941039655 | C6: KJ MU OTH ACC PENC SHARP n/a FY21 IV | D6: 2026.M11 | E6: FY27 Q2 | F6: 1 | G6: Sistema | H6: 116 | I6: 116 | J6: 0 | K6: 0 | L6: 0 | M6: 0 | N6: 0 | O6: 112 | P6: 112 | Q6: 0 | R6: 0 | S6: 0 | T6: 47 | U6: =H6-O6 -> 4 | V6: =H6-T6 -> 69
A7: Accesories (00006010) | B7: 4064941039655 | C7: KJ MU OTH ACC PENC SHARP n/a FY21 IV | D7: 2026.M12 | E7: FY27 Q2 | F7: 1 | G7: Sistema | H7: 138 | I7: 138 | J7: 0 | K7: 0 | L7: 0 | M7: 0 | N7: 0 | O7: 120 | P7: 120 | Q7: 0 | R7: 0 | S7: 0 | T7: 456 | U7: =H7-O7 -> 18 | V7: =H7-T7 -> -318
A8: Accesories (00006010) | B8: 4064941039655 | C8: KJ MU OTH ACC PENC SHARP n/a FY21 IV | D8: 2027.M01 | E8: FY27 Q3 | F8: 1 | G8: Sistema | H8: 102 | I8: 102 | J8: 0 | K8: 0 | L8: 0 | M8: 0 | N8: 0 | O8: 107 | P8: 107 | Q8: 0 | R8: 0 | S8: 0 | T8: 0 | U8: =H8-O8 -> -5 | V8: =H8-T8 -> 102
A9: Accesories (00006010) | B9: 4064941039655 | C9: KJ MU OTH ACC PENC SHARP n/a FY21 IV | D9: 2027.M02 | E9: FY27 Q3 | F9: 1 | G9: Sistema | H9: 140 | I9: 140 | J9: 0 | K9: 0 | L9: 0 | M9: 0 | N9: 0 | O9: 128 | P9: 128 | Q9: 0 | R9: 0 | S9: 0 | T9: 753 | U9: =H9-O9 -> 12 | V9: =H9-T9 -> -613
A10: Accesories (00006010) | B10: 4064941039655 | C10: KJ MU OTH ACC PENC SHARP n/a FY21 IV | D10: 2027.M03 | E10: FY27 Q3 | F10: 1 | G10: Sistema | H10: 137 | I10: 137 | J10: 0 | K10: 0 | L10: 0 | M10: 0 | N10: 0 | O10: 129 | P10: 129 | Q10: 0 | R10: 0 | S10: 0 | T10: 139 | U10: =H10-O10 -> 8 | V10: =H10-T10 -> -2
A11: Accesories (00006010) | B11: 4064941039655 | C11: KJ MU OTH ACC PENC SHARP n/a FY21 IV | D11: 2027.M04 | E11: FY27 Q4 | F11: 1 | G11: Sistema | H11: 60 | I11: 60 | J11: 0 | K11: 0 | L11: 0 | M11: 0 | N11: 0 | O11: 107 | P11: 107 | Q11: 0 | R11: 0 | S11: 0 | T11: 143 | U11: =H11-O11 -> -47 | V11: =H11-T11 -> -83
A12: Accesories (00006010) | B12: 4064941039655 | C12: KJ MU OTH ACC PENC SHARP n/a FY21 IV | D12: 2027.M05 | E12: FY27 Q4 | F12: 0 | G12: Sistema | H12: 115 | I12: 115 | J12: 0 | K12: 0 | L12: 0 | M12: 0 | N12: 0 | O12: 138 | P12: 138 | Q12: 0 | R12: 0 | S12: 0 | T12: 43 | U12: =H12-O12 -> -23 | V12: =H12-T12 -> 72
A13: Accesories (00006010) | B13: 4064941039655 | C13: KJ MU OTH ACC PENC SHARP n/a FY21 IV | D13: 2027.M06 | E13: FY27 Q4 | F13: 0 | G13: Sistema | H13: 163 | I13: 163 | J13: 0 | K13: 0 | L13: 0 | M13: 0 | N13: 0 | O13: 142 | P13: 142 | Q13: 0 | R13: 0 | S13: 0 | T13: 63 | U13: =H13-O13 -> 21 | V13: =H13-T13 -> 100
... A94: Kylie Eye Brushes (00006121) | B94: 4064941039662 | C94: KJ MU OTH ACC BRUSH n/a BROW FY21 IV | D94: 2027.M05 | E94: FY27 Q4 | F94: 0 | G94: Sistema | H94: 0 | I94: 0 | J94: 0 | K94: 0 | L94: 0 | M94: 0 | N94: 0 | O94: 0 | P94: 0 | Q94: 0 | R94: 0 | S94: 0 | T94: 2 | U94: =H94-O94 -> 0 | V94: =H94-T94 -> -2
